12/jan/10;4,3592
13/jan/10;4,2166
14/jan/10;4,49
15/jan/10;4,3429
18/jan/10;4,281
19/jan/10;4,3701
20/jan/10;4,4317
21/jan/10;4,4336
22/jan/10;4,4731
25/jan/10;4,5001
26/jan/10;4,616
27/jan/10;4,6201
28/jan/10;4,5576
29/jan/10;4,6245
1/fev/10;4,5324
2/fev/10;4,3186
3/fev/10;4,3215
4/fev/10;4,2854
5/fev/10;4,1316
8/fev/10;4,2649
9/fev/10;4,3141
10/fev/10;4,4586
11/fev/10;4,5416
12/fev/10;4,594
15/fev/10;4,4612
16/fev/10;4,5926
17/fev/10;4,5353
18/fev/10;4,7444
19/fev/10;4,7378
22/fev/10;4,5779
23/fev/10;4,5485
24/fev/10;4,6413
25/fev/10;4,4852
26/fev/10;4,4116
1/mar/10;4,3429
2/mar/10;4,4443
3/mar/10;4,4225
4/mar/10;4,3928
5/mar/10;4,1015
8/mar/10;4,1161
9/mar/10;4,1556
10/mar/10;4,2264
11/mar/10;4,0892
12/mar/10;4,1007
15/mar/10;3,9885
16/mar/10;3,9409
17/mar/10;3,9293
18/mar/10;3,8623
19/mar/10;4,0081
22/mar/10;4,0054
23/mar/10;3,9939
24/mar/10;3,9286
25/mar/10;3,8395
26/mar/10;3,8722
29/mar/10;3,7704
30/mar/10;3,6093
31/mar/10;3,7827
1/abr/10;3,9352
2/abr/10;3,8325
5/abr/10;3,803
6/abr/10;3,6679
7/abr/10;3,908
8/abr/10;4,0296
9/abr/10;3,9851
12/abr/10;3,9871
13/abr/10;3,9714
14/abr/10;3,9595
15/abr/10;4,1628
16/abr/10;4,0834
19/abr/10;4,0329
20/abr/10;4,1061
21/abr/10;4,2071
22/abr/10;4,1994
23/abr/10;3,9061
26/abr/10;3,8118
27/abr/10;3,6714
28/abr/10;3,571
29/abr/10;3,3916
30/abr/10;3,4271
3/mai/10;3,4569
4/mai/10;3,5916
5/mai/10;3,5919
6/mai/10;3,4294
7/mai/10;3,7851
10/mai/10;3,6448
11/mai/10;3,6179
12/mai/10;3,5485
13/mai/10;3,5038
14/mai/10;3,4787
17/mai/10;3,4278
18/mai/10;3,477
19/mai/10;3,5027
20/mai/10;3,5019
21/mai/10;3,3722
24/mai/10;3,161
25/mai/10;3,3334
26/mai/10;3,4748
27/mai/10;3,5052
28/mai/10;3,6332
31/mai/10;3,5606
1/jun/10;3,566
2/jun/10;3,6094
3/jun/10;3,8019
4/jun/10;3,5087
7/jun/10;3,5414
8/jun/10;3,4962
9/jun/10;3,6306
10/jun/10;3,695
11/jun/10;3,7532
14/jun/10;3,7199
15/jun/10;3,8412
16/jun/10;3,758
17/jun/10;3,5188
18/jun/10;3,5276
21/jun/10;3,6223
22/jun/10;3,7582
23/jun/10;3,7151
24/jun/10;3,7208
25/jun/10;3,7354
28/jun/10;3,663
29/jun/10;3,689
30/jun/10;3,7358
1/jul/10;3,6828
2/jul/10;3,7447
5/jul/10;3,8418
6/jul/10;3,7066
7/jul/10;3,8398
8/jul/10;3,934
9/jul/10;3,9787
12/jul/10;4,0692
13/jul/10;3,8851
14/jul/10;3,7537
15/jul/10;3,7847
16/jul/10;3,7867
19/jul/10;3,8194
20/jul/10;3,8699
21/jul/10;3,7225
22/jul/10;3,7735
23/jul/10;3,8397
26/jul/10;3,6493
27/jul/10;3,6719
28/jul/10;3,7013
29/jul/10;3,6876
30/jul/10;3,6552
2/ago/10;3,6307
3/ago/10;3,6233
4/ago/10;3,6164
5/ago/10;3,5993
6/ago/10;3,6889
9/ago/10;3,5109
10/ago/10;3,4121
11/ago/10;3,448
12/ago/10;3,5194
13/ago/10;3,5089
16/ago/10;3,4523
17/ago/10;3,5203
18/ago/10;3,3774
19/ago/10;3,3525
20/ago/10;3,3806
23/ago/10;3,2145
24/ago/10;3,1934
25/ago/10;3,133
26/ago/10;3,3043
27/ago/10;3,3087
30/ago/10;3,3408
31/ago/10;3,1852
1/set/10;3,3614
2/set/10;3,4588
3/set/10;3,4508
6/set/10;3,381
7/set/10;3,3709
8/set/10;3,384
9/set/10;3,533
10/set/10;3,4301
13/set/10;3,52
14/set/10;3,5204
15/set/10;3,5729
16/set/10;3,6989
17/set/10;3,6078
20/set/10;3,5953
21/set/10;3,5259
22/set/10;3,6583
23/set/10;3,5579
24/set/10;3,4338
27/set/10;3,5968
28/set/10;3,7297
29/set/10;3,8011
30/set/10;3,773
1/out/10;3,8801
4/out/10;3,713
5/out/10;3,8271
6/out/10;3,9821
7/out/10;4,05
8/out/10;3,9538
11/out/10;3,8923
12/out/10;3,9212
13/out/10;3,9338
14/out/10;3,7399
15/out/10;3,5139
18/out/10;3,7543
19/out/10;4,165
20/out/10;4,0226
21/out/10;4,1964
22/out/10;4,1418
25/out/10;4,1719
26/out/10;4,0314
27/out/10;4,2072
28/out/10;4,1887
29/out/10;3,9083
1/nov/10;3,8667
2/nov/10;3,9127
3/nov/10;3,9034
4/nov/10;4,0432
5/nov/10;4,0578
8/nov/10;4,2272
9/nov/10;4,1984
10/nov/10;4,0653
11/nov/10;4,074
12/nov/10;3,8902
15/nov/10;3,8288
16/nov/10;3,9473
17/nov/10;4,0272
18/nov/10;4,006
19/nov/10;3,9463
22/nov/10;4,3288
23/nov/10;4,1227
24/nov/10;3,8768
25/nov/10;3,8106
26/nov/10;3,6407
29/nov/10;3,6661
30/nov/10;3,5027
1/dez/10;3,4633
2/dez/10;3,6153
3/dez/10;3,6012
6/dez/10;3,6012
7/dez/10;3,6016
8/dez/10;3,6667
9/dez/10;3,5179
10/dez/10;3,4217
13/dez/10;3,4847
14/dez/10;3,3951
15/dez/10;3,4531
16/dez/10;3,5289
17/dez/10;3,583
20/dez/10;3,4879
21/dez/10;3,5555
22/dez/10;3,3319
23/dez/10;3,3249
24/dez/10;3,2146
27/dez/10;3,2139
28/dez/10;3,1655
29/dez/10;3,2224
30/dez/10;3,2396
31/dez/10;3,229
3/jan/11;3,0083
4/jan/11;3,1185
5/jan/11;3,1858
6/jan/11;3,1719
7/jan/11;3,3315
10/jan/11;3,4801
11/jan/11;3,423
12/jan/11;3,3946
13/jan/11;3,4912
14/jan/11;3,4859
17/jan/11;3,4214
18/jan/11;3,3973
19/jan/11;3,2915
20/jan/11;3,37
21/jan/11;3,2799
24/jan/11;3,2246
25/jan/11;3,2033
26/jan/11;3,3435
27/jan/11;3,2828
28/jan/11;3,0296
31/jan/11;3,2078
1/fev/11;3,3432
2/fev/11;3,1916
3/fev/11;3,1889
4/fev/11;3,2867
7/fev/11;3,2413
8/fev/11;2,9356
9/fev/11;2,9727
10/fev/11;3,1297
11/fev/11;3,3969
14/fev/11;3,2912
15/fev/11;3,222
16/fev/11;3,189
17/fev/11;3,099
18/fev/11;3,0545
21/fev/11;3,074
22/fev/11;2,9972
23/fev/11;3,0494
24/fev/11;2,946
25/fev/11;2,8977
28/fev/11;2,9561
1/mar/11;2,921
2/mar/11;3,0489
3/mar/11;3,1443
4/mar/11;3,1915
7/mar/11;3,2028
8/mar/11;3,2645
9/mar/11;3,2838
10/mar/11;3,2775
11/mar/11;3,2778
14/mar/11;3,3096
15/mar/11;3,4419
16/mar/11;3,5363
17/mar/11;3,5381
18/mar/11;3,5231
21/mar/11;3,6302
22/mar/11;3,528
23/mar/11;3,5309
24/mar/11;3,4186
25/mar/11;3,388
28/mar/11;3,3584
29/mar/11;3,4932
30/mar/11;3,4586
31/mar/11;3,5757
1/abr/11;3,4617
4/abr/11;3,4896
5/abr/11;3,5227
6/abr/11;3,6429
7/abr/11;3,5921
8/abr/11;3,5624
11/abr/11;3,6307
12/abr/11;3,6394
13/abr/11;3,5576
14/abr/11;3,4972
15/abr/11;3,6629
18/abr/11;3,6847
19/abr/11;3,6977
20/abr/11;3,6576
21/abr/11;3,673
22/abr/11;3,6726
25/abr/11;3,8366
26/abr/11;3,7085
27/abr/11;3,5695
28/abr/11;3,4819
29/abr/11;3,5581
2/mai/11;3,5322
3/mai/11;3,5829
4/mai/11;3,6172
5/mai/11;3,5735
6/mai/11;3,5733
9/mai/11;3,4816
10/mai/11;3,5522
11/mai/11;3,4505
12/mai/11;3,4929
13/mai/11;3,4126
16/mai/11;3,4284
17/mai/11;3,4132
18/mai/11;3,385
19/mai/11;3,5929
20/mai/11;3,6942
23/mai/11;3,6516
24/mai/11;3,6768
25/mai/11;3,8039
26/mai/11;3,7841
27/mai/11;3,8379
30/mai/11;3,8838
31/mai/11;3,7404
1/jun/11;3,7833
2/jun/11;3,8771
3/jun/11;3,7961
6/jun/11;3,8438
7/jun/11;3,8468
8/jun/11;3,7579
9/jun/11;3,3788
10/jun/11;3,291
13/jun/11;3,6187
14/jun/11;3,5876
15/jun/11;3,4562
16/jun/11;3,4215
17/jun/11;3,4343
20/jun/11;3,4682
21/jun/11;3,5698
22/jun/11;3,5478
23/jun/11;3,5564
24/jun/11;3,5939
27/jun/11;3,5345
28/jun/11;3,5596
29/jun/11;3,4607
30/jun/11;3,586
1/jul/11;3,4607
4/jul/11;3,465
5/jul/11;3,5036
6/jul/11;3,4155
7/jul/11;3,5238
8/jul/11;3,6271
11/jul/11;3,5788
12/jul/11;3,7242
13/jul/11;3,6633
14/jul/11;3,7577
15/jul/11;3,8502
18/jul/11;3,7457
19/jul/11;3,7237
20/jul/11;3,8228
21/jul/11;3,7846
22/jul/11;3,7293
25/jul/11;3,8694
26/jul/11;3,9155
27/jul/11;3,9091
28/jul/11;4,1986
29/jul/11;4,2157
1/ago/11;4,1663
2/ago/11;4,0458
3/ago/11;4,1309
4/ago/11;4,1473
5/ago/11;4,1206
8/ago/11;3,9732
9/ago/11;3,9375
10/ago/11;4,0493
11/ago/11;4,2108
12/ago/11;3,7344
15/ago/11;3,8942
16/ago/11;3,8859
17/ago/11;3,8293
18/ago/11;3,7634
19/ago/11;3,9264
22/ago/11;3,9902
23/ago/11;3,8934
24/ago/11;3,7653
25/ago/11;3,7552
26/ago/11;3,611
29/ago/11;3,2081
30/ago/11;3,4114
31/ago/11;3,5062
1/set/11;3,4094
2/set/11;3,7223
5/set/11;3,5495
6/set/11;3,4455
7/set/11;3,3975
8/set/11;3,5294
9/set/11;3,3522
12/set/11;3,1317
13/set/11;3,3517
14/set/11;3,2938
15/set/11;3,2569
16/set/11;3,3138
19/set/11;3,1745
20/set/11;3,303
21/set/11;3,3735
22/set/11;3,2316
23/set/11;2,6819
26/set/11;2,3971
27/set/11;2,9301
28/set/11;2,7722
29/set/11;2,7439
30/set/11;2,4712
3/out/11;2,2926
4/out/11;2,3661
5/out/11;2,4641
6/out/11;2,6618
7/out/11;2,7974
10/out/11;2,8339
11/out/11;2,811
12/out/11;2,9143
13/out/11;2,9191
14/out/11;3,0954
17/out/11;3,0446
18/out/11;2,9445
19/out/11;2,8886
20/out/11;2,9938
21/out/11;3,0023
24/out/11;3,0138
25/out/11;3,1503
26/out/11;3,0526
27/out/11;3,4564
28/out/11;3,362
31/out/11;3,1342
1/nov/11;3,052
2/nov/11;3,1395
3/nov/11;3,1612
4/nov/11;3,1604
7/nov/11;3,0296
8/nov/11;2,8982
9/nov/11;2,7448
10/nov/11;2,775
11/nov/11;2,8363
14/nov/11;2,826
15/nov/11;2,8007
16/nov/11;2,6918
17/nov/11;2,6518
18/nov/11;2,6505
21/nov/11;2,6531
22/nov/11;2,65
23/nov/11;2,5866
24/nov/11;2,5801
25/nov/11;2,5252
28/nov/11;2,6841
29/nov/11;2,8397
30/nov/11;2,9404
1/dez/11;2,8978
2/dez/11;2,9949
5/dez/11;3,1197
6/dez/11;3,1298
7/dez/11;3,0136
8/dez/11;2,9548
9/dez/11;2,9538
12/dez/11;2,8992
13/dez/11;2,9541
14/dez/11;2,9705
15/dez/11;2,7864
16/dez/11;3,0666
19/dez/11;3,1132
20/dez/11;3,0777
21/dez/11;3,0857
22/dez/11;3,206
23/dez/11;3,2346
26/dez/11;3,2438
27/dez/11;3,133
28/dez/11;3,1472
29/dez/11;3,2954
30/dez/11;3,3207
2/jan/12;3,1432
3/jan/12;3,2409
4/jan/12;3,3726
5/jan/12;3,4461
6/jan/12;3,4247
9/jan/12;3,4949
10/jan/12;3,603
11/jan/12;3,6607
12/jan/12;3,8131
13/jan/12;3,7295
16/jan/12;3,6145
17/jan/12;3,7012
18/jan/12;3,7551
19/jan/12;3,8902
20/jan/12;3,8929
23/jan/12;4,029
24/jan/12;4,075
25/jan/12;4,0944
26/jan/12;3,9787
27/jan/12;3,9351
30/jan/12;4,0023
31/jan/12;4,0702
1/fev/12;4,0829
2/fev/12;4,1458
3/fev/12;4,0739
6/fev/12;4,176
7/fev/12;4,1755
8/fev/12;4,2092
9/fev/12;4,1843
10/fev/12;3,9703
13/fev/12;3,9008
14/fev/12;3,7498
15/fev/12;3,6948
16/fev/12;3,7543
17/fev/12;4,6459
20/fev/12;3,6716
21/fev/12;3,6469
22/fev/12;3,5343
23/fev/12;3,6401
24/fev/12;3,9155
27/fev/12;3,9001
28/fev/12;3,816
29/fev/12;3,8851
1/mar/12;4,0288
2/mar/12;4,0592
5/mar/12;4,0666
6/mar/12;4,1633
7/mar/12;4,2527
8/mar/12;4,1535
9/mar/12;4,1236
12/mar/12;4,1258
13/mar/12;4,2865
14/mar/12;4,3026
15/mar/12;4,0898
16/mar/12;4,2378
19/mar/12;4,3231
20/mar/12;4,1649
21/mar/12;4,129
22/mar/12;3,9912
23/mar/12;4,036
26/mar/12;4,0509
27/mar/12;3,934
28/mar/12;3,9759
29/mar/12;3,8921
30/mar/12;3,8675
2/abr/12;3,8033
3/abr/12;3,8426
4/abr/12;3,8566
5/abr/12;3,736
6/abr/12;3,7236
9/abr/12;3,5581
10/abr/12;3,4208
11/abr/12;3,5613
12/abr/12;3,6452
13/abr/12;3,5972
16/abr/12;3,6021
17/abr/12;3,7253
18/abr/12;3,7099
19/abr/12;3,6724
20/abr/12;3,7778
23/abr/12;3,7624
24/abr/12;3,6177
25/abr/12;3,5183
26/abr/12;3,5402
27/abr/12;3,5851
30/abr/12;3,7427
1/mai/12;3,7427
2/mai/12;3,594
3/mai/12;3,5418
4/mai/12;3,2497
7/mai/12;2,9395
8/mai/12;3,122
9/mai/12;3,3017
10/mai/12;3,0603
11/mai/12;3,2195
14/mai/12;3,1679
15/mai/12;3,0832
16/mai/12;3,0979
17/mai/12;2,9514
18/mai/12;3,0952
21/mai/12;3,2006
22/mai/12;3,5082
23/mai/12;3,3073
24/mai/12;3,5792
25/mai/12;3,4018
28/mai/12;3,3024
29/mai/12;3,1948
30/mai/12;3,105
31/mai/12;3,4402
1/jun/12;3,5588
4/jun/12;4,0582
5/jun/12;3,9027
6/jun/12;3,8876
7/jun/12;3,9102
8/jun/12;3,5257
11/jun/12;3,736
12/jun/12;3,4796
13/jun/12;3,4778
14/jun/12;3,4706
15/jun/12;3,585
18/jun/12;3,483
19/jun/12;3,3842
20/jun/12;3,4904
21/jun/12;3,4825
22/jun/12;3,404
25/jun/12;3,2842
26/jun/12;3,4751
27/jun/12;3,6667
28/jun/12;3,724
29/jun/12;3,7705
2/jul/12;3,5917
3/jul/12;3,5951
4/jul/12;3,6853
5/jul/12;3,6104
6/jul/12;3,6491
9/jul/12;3,6974
10/jul/12;3,6987
11/jul/12;3,5266
12/jul/12;3,5706
13/jul/12;3,6436
16/jul/12;3,589
17/jul/12;3,8149
18/jul/12;3,5108
19/jul/12;3,3671
20/jul/12;3,2817
23/jul/12;3,2091
24/jul/12;3,2267
25/jul/12;3,1287
26/jul/12;3,1706
27/jul/12;3,4269
30/jul/12;3,4646
31/jul/12;3,2897
1/ago/12;3,2389
2/ago/12;3,1985
3/ago/12;3,3024
6/ago/12;3,2574
7/ago/12;3,1194
8/ago/12;3,1878
9/ago/12;3,2997
10/ago/12;3,4837
13/ago/12;3,4328
14/ago/12;3,344
15/ago/12;3,1658
16/ago/12;3,3228
17/ago/12;3,2197
20/ago/12;3,3683
21/ago/12;3,3108
22/ago/12;3,4229
23/ago/12;3,4728
24/ago/12;3,2995
27/ago/12;3,3005
28/ago/12;3,2077
29/ago/12;3,2471
30/ago/12;3,0679
31/ago/12;3,0268
3/set/12;3,0162
4/set/12;3,027
5/set/12;3,0429
6/set/12;3,035
7/set/12;3,0477
10/set/12;3,1555
11/set/12;3,1046
12/set/12;3,0462
13/set/12;3,2419
14/set/12;3,1785
17/set/12;3,238
18/set/12;3,1938
19/set/12;3,2472
20/set/12;3,2468
21/set/12;3,2727
24/set/12;3,2566
25/set/12;3,2494
26/set/12;3,2029
27/set/12;3,1362
28/set/12;2,9199
1/out/12;2,9118
2/out/12;2,9411
3/out/12;2,9755
4/out/12;2,973
5/out/12;2,7968
8/out/12;2,8237
9/out/12;2,788
10/out/12;2,8344
11/out/12;2,8131
12/out/12;2,8286
15/out/12;2,8427
16/out/12;2,6863
17/out/12;2,7717
18/out/12;2,7334
19/out/12;2,8936
22/out/12;2,7532
23/out/12;2,7306
24/out/12;2,6633
25/out/12;2,6763
26/out/12;2,487
29/out/12;2,484
30/out/12;2,5554
31/out/12;2,5037
1/nov/12;2,5327
2/nov/12;2,4902
5/nov/12;2,5097
6/nov/12;2,6189
7/nov/12;2,6322
8/nov/12;2,7761
9/nov/12;2,7847
12/nov/12;2,7721
13/nov/12;2,9136
14/nov/12;2,9647
15/nov/12;2,9238
16/nov/12;2,9479
19/nov/12;2,9706
20/nov/12;2,9167
21/nov/12;2,9125
22/nov/12;2,9305
23/nov/12;2,8748
26/nov/12;2,8643
27/nov/12;2,9004
28/nov/12;2,9359
29/nov/12;2,9403
30/nov/12;3,0227
3/dez/12;2,9767
4/dez/12;2,8794
5/dez/12;2,8921
6/dez/12;2,8301
7/dez/12;2,9262
10/dez/12;2,9263
11/dez/12;3,0886
12/dez/12;3,0559
13/dez/12;2,9284
14/dez/12;2,9425
17/dez/12;2,9311
18/dez/12;2,9173
19/dez/12;2,983
20/dez/12;3,0636
21/dez/12;3,0651
24/dez/12;3,117
25/dez/12;3,1136
26/dez/12;3,0565
27/dez/12;3,0755
28/dez/12;2,9264
31/dez/12;2,9426
1/jan/13;2,941
2/jan/13;2,8418
3/jan/13;2,7996
4/jan/13;2,7738
7/jan/13;2,8436
8/jan/13;3,0245
9/jan/13;2,9863
10/jan/13;3,0041
11/jan/13;2,9291
14/jan/13;2,9834
15/jan/13;3,017
16/jan/13;2,9089
17/jan/13;3,0975
18/jan/13;3,2265
21/jan/13;3,1893
22/jan/13;3,2456
23/jan/13;3,2488
24/jan/13;3,3598
25/jan/13;3,325
28/jan/13;3,2337
29/jan/13;3,2608
30/jan/13;3,277
31/jan/13;3,3474
1/fev/13;3,2506
4/fev/13;3,2676
5/fev/13;3,4759
6/fev/13;3,484
7/fev/13;3,563
8/fev/13;3,5509
11/fev/13;3,5595
12/fev/13;3,5728
13/fev/13;3,5393
14/fev/13;3,4317
15/fev/13;3,2766
18/fev/13;3,2639
19/fev/13;3,2688
20/fev/13;3,1851
21/fev/13;3,247
22/fev/13;3,2048
25/fev/13;3,2146
26/fev/13;3,2183
27/fev/13;3,3121
28/fev/13;3,3102
1/mar/13;3,2332
4/mar/13;3,2087
5/mar/13;3,0336
6/mar/13;2,9296
7/mar/13;3,1015
8/mar/13;3,0718
11/mar/13;3,0515
12/mar/13;3,2335
13/mar/13;3,3597
14/mar/13;3,2967
15/mar/13;3,1883
18/mar/13;3,2092
19/mar/13;3,168
20/mar/13;3,1245
21/mar/13;3,1478
22/mar/13;3,2599
25/mar/13;3,1465
26/mar/13;3,258
27/mar/13;3,2982
28/mar/13;3,5304
29/mar/13;3,5402
1/abr/13;3,5364
2/abr/13;3,4571
3/abr/13;3,4078
4/abr/13;3,4186
5/abr/13;3,2117
8/abr/13;3,296
9/abr/13;3,2445
10/abr/13;3,2436
11/abr/13;3,2996
12/abr/13;3,3494
15/abr/13;3,2741
16/abr/13;3,389
17/abr/13;3,4156
18/abr/13;3,5414
19/abr/13;3,4307
22/abr/13;3,4442
23/abr/13;3,469
24/abr/13;3,5551
25/abr/13;3,4873
26/abr/13;3,4789
29/abr/13;3,5825
30/abr/13;3,6016
1/mai/13;3,6125
2/mai/13;3,4763
3/mai/13;3,4253
6/mai/13;3,3505
7/mai/13;3,3863
8/mai/13;3,4274
9/mai/13;3,6106
10/mai/13;3,7675
13/mai/13;3,678
14/mai/13;3,816
15/mai/13;3,7221
16/mai/13;3,6138
17/mai/13;3,6326
20/mai/13;3,6744
21/mai/13;3,6949
22/mai/13;3,6891
23/mai/13;3,5821
24/mai/13;3,5794
27/mai/13;3,612
28/mai/13;3,7895
29/mai/13;3,4556
30/mai/13;3,306
31/mai/13;3,4261
3/jun/13;3,4268
4/jun/13;3,5276
5/jun/13;3,1379
6/jun/13;3,1189
7/jun/13;3,0501
10/jun/13;3,203
11/jun/13;3,2606
12/jun/13;3,5715
13/jun/13;3,513
14/jun/13;3,4876
17/jun/13;3,6007
18/jun/13;3,6733
19/jun/13;3,848
20/jun/13;3,6873
21/jun/13;3,4273
24/jun/13;2,8811
25/jun/13;2,684
26/jun/13;2,7885
27/jun/13;2,9702
28/jun/13;3,3136
1/jul/13;3,2028
2/jul/13;2,933
3/jul/13;3,1461
4/jul/13;3,3875
5/jul/13;3,1876
8/jul/13;3,3658
9/jul/13;3,4624
10/jul/13;3,3068
11/jul/13;3,3454
12/jul/13;3,3013
15/jul/13;3,2473
16/jul/13;3,2243
17/jul/13;3,1351
18/jul/13;2,9423
19/jul/13;2,7654
22/jul/13;2,8863
23/jul/13;2,7691
24/jul/13;2,6871
25/jul/13;2,8322
26/jul/13;2,8674
29/jul/13;2,9331
30/jul/13;2,903
31/jul/13;2,8464
1/ago/13;2,9831
2/ago/13;2,956
5/ago/13;3,0303
6/ago/13;3,1712
7/ago/13;3,2595
8/ago/13;3,3208
9/ago/13;3,241
12/ago/13;3,4234
13/ago/13;3,5071
14/ago/13;3,5299
15/ago/13;3,5343
16/ago/13;3,5013
19/ago/13;3,4902
20/ago/13;3,4516
21/ago/13;3,7512
22/ago/13;3,8107
23/ago/13;3,4989
26/ago/13;3,5473
27/ago/13;3,5777
28/ago/13;3,5466
29/ago/13;3,8069
30/ago/13;3,9446
2/set/13;3,9179
3/set/13;3,9305
4/set/13;3,972
5/set/13;3,9701
6/set/13;3,9559
9/set/13;3,8376
10/set/13;3,8305
11/set/13;3,9071
12/set/13;4,0248
13/set/13;4,0318
16/set/13;4,0227
17/set/13;3,8876
18/set/13;3,5756
19/set/13;3,6773
20/set/13;3,6905
23/set/13;3,6638
24/set/13;3,7078
25/set/13;3,766
26/set/13;3,8781
27/set/13;3,8526
30/set/13;3,7514
1/out/13;3,8234
2/out/13;3,8431
3/out/13;3,8456
4/out/13;3,8356
7/out/13;3,8255
8/out/13;3,788
9/out/13;3,6667
10/out/13;3,6702
11/out/13;3,7435
14/out/13;3,7982
15/out/13;3,7924
16/out/13;3,9094
17/out/13;3,9648
18/out/13;4,0489
21/out/13;4,1478
22/out/13;4,2474
23/out/13;3,9535
24/out/13;3,897
25/out/13;4,016
28/out/13;3,8663
29/out/13;3,9808
30/out/13;4,0139
31/out/13;3,9212
1/nov/13;3,8827
4/nov/13;4,0515
5/nov/13;4,2082
6/nov/13;4,3405
7/nov/13;4,5067
8/nov/13;4,4107
11/nov/13;4,4345
12/nov/13;4,2674
13/nov/13;4,2674
14/nov/13;4,2419
15/nov/13;4,2822
18/nov/13;4,1235
19/nov/13;4,3487
20/nov/13;4,3054
21/nov/13;4,4622
22/nov/13;4,5029
25/nov/13;4,6482
26/nov/13;4,5924
27/nov/13;4,5898
28/nov/13;4,6715
29/nov/13;4,7814
2/dez/13;5,0049
3/dez/13;5,1112
4/dez/13;5,0694
5/dez/13;4,761
6/dez/13;4,6817
9/dez/13;4,7911
10/dez/13;4,6526
11/dez/13;4,6842
12/dez/13;4,6532
13/dez/13;4,6884
16/dez/13;4,6361
17/dez/13;4,6693
18/dez/13;4,6863
19/dez/13;4,8948
20/dez/13;5,1339
23/dez/13;5,146
24/dez/13;5,1389
25/dez/13;5,1495
26/dez/13;5,1589
27/dez/13;4,9584
30/dez/13;5,0716
31/dez/13;5,076
1/jan/14;5,0744
2/jan/14;5,0684
3/jan/14;4,9696
6/jan/14;5,0886
7/jan/14;5,1425
8/jan/14;5,4266
9/jan/14;5,3667
10/jan/14;5,2791
13/jan/14;5,1729
14/jan/14;5,1143
15/jan/14;5,1641
16/jan/14;4,9868
17/jan/14;4,9161
20/jan/14;5,0179
21/jan/14;5,1743
22/jan/14;5,0621
23/jan/14;5,197
24/jan/14;4,9449
27/jan/14;5,1236
28/jan/14;5,2269
29/jan/14;5,2567
30/jan/14;5,116
31/jan/14;5,1709
3/fev/14;5,1724
4/fev/14;5,0641
5/fev/14;5,0963
6/fev/14;5,2039
7/fev/14;5,2079
10/fev/14;5,2037
11/fev/14;5,2328
12/fev/14;5,3696
13/fev/14;5,226
14/fev/14;5,2891
17/fev/14;5,2105
18/fev/14;5,3184
19/fev/14;5,3064
20/fev/14;4,9888
21/fev/14;5,0487
24/fev/14;4,9064
25/fev/14;4,8718
26/fev/14;4,7784
27/fev/14;4,6716
28/fev/14;4,8554
3/mar/14;4,7888
4/mar/14;4,7817
5/mar/14;4,9045
6/mar/14;5,0176
7/mar/14;4,9593
10/mar/14;4,9925
11/mar/14;5,0537
12/mar/14;4,8683
13/mar/14;4,9187
14/mar/14;4,992
17/mar/14;5,0578
18/mar/14;5,2106
19/mar/14;5,4039
20/mar/14;5,6147
21/mar/14;5,5752
24/mar/14;5,5236
25/mar/14;5,3331
26/mar/14;5,297
27/mar/14;5,0402
28/mar/14;5,0234
31/mar/14;5,1058
1/abr/14;5,063
2/abr/14;4,9835
3/abr/14;5,0068
4/abr/14;5,066
7/abr/14;4,9104
8/abr/14;4,8823
9/abr/14;4,8508
10/abr/14;4,8396
11/abr/14;4,871
14/abr/14;4,9397
15/abr/14;4,8988
16/abr/14;5,0416
17/abr/14;4,9608
18/abr/14;4,9704
21/abr/14;4,8905
22/abr/14;4,7635
23/abr/14;4,7641
24/abr/14;4,6697
25/abr/14;4,8248
28/abr/14;4,5898
29/abr/14;4,765
30/abr/14;4,8348
1/mai/14;4,8676
2/mai/14;4,7141
5/mai/14;4,8029
6/mai/14;4,6122
7/mai/14;4,5997
8/mai/14;4,7566
9/mai/14;4,693
12/mai/14;4,6618
13/mai/14;4,7343
14/mai/14;4,5977
15/mai/14;4,6835
16/mai/14;4,5925
19/mai/14;4,6343
20/mai/14;4,5197
21/mai/14;4,4525
22/mai/14;4,6185
23/mai/14;4,6202
26/mai/14;4,5233
27/mai/14;4,62
28/mai/14;4,5774
29/mai/14;4,4355
30/mai/14;4,3204
2/jun/14;4,4738
3/jun/14;4,4714
4/jun/14;4,4929
5/jun/14;4,4272
6/jun/14;4,3788
9/jun/14;4,4238
10/jun/14;4,3083
11/jun/14;4,1564
12/jun/14;4,2323
13/jun/14;4,0795
16/jun/14;4,2297
17/jun/14;4,2031
18/jun/14;4,0753
19/jun/14;4,164
20/jun/14;4,2208
23/jun/14;4,305
24/jun/14;4,1994
25/jun/14;4,1999
26/jun/14;4,1837
27/jun/14;4,3868
30/jun/14;4,4439
1/jul/14;4,1977
2/jul/14;4,1744
3/jul/14;4,2004
4/jul/14;4,2578
7/jul/14;4,2293
8/jul/14;4,2769
9/jul/14;4,2591
10/jul/14;4,3423
11/jul/14;4,3063
14/jul/14;4,2304
15/jul/14;4,2457
16/jul/14;4,2203
17/jul/14;4,1594
18/jul/14;4,0075
21/jul/14;3,8913
22/jul/14;3,7628
23/jul/14;3,8196
24/jul/14;3,7779
25/jul/14;3,8093
28/jul/14;3,8111
29/jul/14;3,8832
30/jul/14;3,9032
31/jul/14;4,0614
1/ago/14;4,2903
4/ago/14;4,0307
5/ago/14;4,1318
6/ago/14;3,8831
7/ago/14;3,9568
8/ago/14;3,9322
11/ago/14;3,885
12/ago/14;3,824
13/ago/14;3,9239
14/ago/14;3,9111
15/ago/14;3,6347
18/ago/14;3,5452
19/ago/14;3,5171
20/ago/14;3,5686
21/ago/14;3,7709
22/ago/14;3,5464
25/ago/14;3,418
26/ago/14;3,3596
27/ago/14;3,1339
28/ago/14;2,8942
29/ago/14;2,8071
1/set/14;2,6102
2/set/14;2,4055
3/set/14;2,7156
4/set/14;2,6802
5/set/14;2,7333
8/set/14;2,8507
9/set/14;3,0298
10/set/14;2,9787
11/set/14;2,8426
12/set/14;3,1355
15/set/14;3,0115
16/set/14;2,8389
17/set/14;2,8743
18/set/14;2,857
19/set/14;2,89
22/set/14;3,3535
23/set/14;3,4026
24/set/14;3,1566
25/set/14;3,3249
26/set/14;3,1339
29/set/14;3,7697
30/set/14;3,6972
1/out/14;3,876
2/out/14;3,8528
3/out/14;3,4334
6/out/14;3,0256
7/out/14;2,7055
8/out/14;2,7263
9/out/14;2,6196
10/out/14;2,4395
13/out/14;2,1595
14/out/14;2,191
15/out/14;2,6192
16/out/14;2,7492
17/out/14;2,5058
20/out/14;2,6892
21/out/14;3,1799
22/out/14;3,3226
23/out/14;3,4208
24/out/14;3,3613
27/out/14;3,9071
28/out/14;3,5479
29/out/14;3,7711
30/out/14;3,4584
31/out/14;3,3513
3/nov/14;3,4016
4/nov/14;3,6049
5/nov/14;3,5176
6/nov/14;3,8982
7/nov/14;3,8397
10/nov/14;4,0336
11/nov/14;4,0146
12/nov/14;4,156
13/nov/14;4,1013
14/nov/14;4,2281
17/nov/14;4,2345
18/nov/14;4,233
19/nov/14;3,9792
20/nov/14;3,9737
21/nov/14;3,4229
24/nov/14;3,2493
25/nov/14;3,225
26/nov/14;3,1469
27/nov/14;3,004
28/nov/14;2,8748
1/dez/14;2,8931
2/dez/14;2,8481
3/dez/14;2,9612
4/dez/14;2,8925
5/dez/14;2,8045
8/dez/14;2,91
9/dez/14;3,1463
10/dez/14;3,5153
11/dez/14;3,6138
12/dez/14;3,4103
15/dez/14;3,3345
16/dez/14;3,4075
17/dez/14;3,4545
18/dez/14;5,0158
19/dez/14;3,6629
22/dez/14;3,4405
23/dez/14;3,6256
24/dez/14;3,6496
25/dez/14;2,9589
26/dez/14;3,2388
29/dez/14;3,6212
30/dez/14;3,8885
31/dez/14;3,6649
1/jan/15;3,3745
2/jan/15;3,1442
5/jan/15;3,3417
6/jan/15;3,9189
7/jan/15;3,6707
8/jan/15;3,6405
9/jan/15;3,6106
12/jan/15;3,7058
13/jan/15;3,4228
14/jan/15;3,652
15/jan/15;2,8796
16/jan/15;2,74
19/jan/15;2,8271
20/jan/15;2,8567
21/jan/15;2,885
22/jan/15;3,0346
23/jan/15;2,6855
26/jan/15;3,0223
27/jan/15;2,7499
28/jan/15;2,9165
29/jan/15;3,1412
30/jan/15;2,9344
2/fev/15;3,2157
3/fev/15;3,1491
4/fev/15;3,4278
5/fev/15;3,44
6/fev/15;3,6825
9/fev/15;3,6968
10/fev/15;3,6898
11/fev/15;3,667
12/fev/15;3,5861
13/fev/15;3,7025
16/fev/15;3,5627
17/fev/15;3,4896
18/fev/15;3,6828
19/fev/15;3,8492
20/fev/15;3,8469
23/fev/15;3,6094
24/fev/15;3,7735
25/fev/15;3,8782
26/fev/15;3,6469
27/fev/15;3,589
2/mar/15;3,5698
3/mar/15;3,665
4/mar/15;3,8161
5/mar/15;3,8992
6/mar/15;4,0036
9/mar/15;4,3839
10/mar/15;4,1308
11/mar/15;4,1484
12/mar/15;4,4246
13/mar/15;4,3978
16/mar/15;4,3617
17/mar/15;4,2728
18/mar/15;4,3022
19/mar/15;4,4401
20/mar/15;4,6875
23/mar/15;4,4826
24/mar/15;4,5575
25/mar/15;4,4565
26/mar/15;4,4435
27/mar/15;4,4591
30/mar/15;4,3386
31/mar/15;4,4395
1/abr/15;4,2398
2/abr/15;4,4016
3/abr/15;4,1171
6/abr/15;4,0661
7/abr/15;4,4018
8/abr/15;4,1897
9/abr/15;4,3731
10/abr/15;3,687
13/abr/15;4,0977
14/abr/15;4,0091
15/abr/15;3,9026
16/abr/15;4,1021
17/abr/15;3,9526
20/abr/15;3,9119
21/abr/15;3,9216
22/abr/15;3,8011
23/abr/15;3,8534
24/abr/15;3,9195
27/abr/15;3,9621
28/abr/15;3,9892
29/abr/15;4,0822
30/abr/15;4,0469
1/mai/15;4,1415
4/mai/15;4,2035
5/mai/15;4,1586
6/mai/15;4,0847
7/mai/15;4,1355
8/mai/15;3,9421
11/mai/15;3,7512
12/mai/15;3,8681
13/mai/15;3,7921
14/mai/15;3,6386
15/mai/15;3,6374
18/mai/15;3,6802
19/mai/15;3,6616
20/mai/15;3,517
21/mai/15;3,4765
22/mai/15;3,2791
25/mai/15;3,3681
26/mai/15;3,4809
27/mai/15;3,5484
28/mai/15;3,2911
29/mai/15;3,3962
1/jun/15;3,4488
2/jun/15;3,4565
3/jun/15;3,4476
4/jun/15;3,3573
5/jun/15;3,5254
8/jun/15;3,3465
9/jun/15;3,2908
10/jun/15;3,4966
11/jun/15;3,5058
12/jun/15;3,7537
15/jun/15;3,6016
16/jun/15;3,5934
17/jun/15;3,5118
18/jun/15;3,4695
19/jun/15;3,4622
22/jun/15;3,3747
23/jun/15;3,4315
24/jun/15;3,3694
25/jun/15;3,4809
26/jun/15;3,2593
29/jun/15;3,3774
30/jun/15;3,433
1/jul/15;3,3506
2/jul/15;3,3481
3/jul/15;3,3559
6/jul/15;3,4808
7/jul/15;3,4318
8/jul/15;3,499
9/jul/15;3,6174
10/jul/15;3,5507
13/jul/15;3,567
14/jul/15;3,6143
15/jul/15;3,5507
16/jul/15;3,6405
17/jul/15;3,7125
20/jul/15;3,6297
21/jul/15;3,4188
22/jul/15;3,6857
23/jul/15;4,2449
24/jul/15;4,3466
27/jul/15;4,227
28/jul/15;4,2092
29/jul/15;4,497
30/jul/15;4,3038
31/jul/15;4,4032
3/ago/15;4,7696
4/ago/15;4,4372
5/ago/15;4,6285
6/ago/15;5,0163
7/ago/15;5,0336
10/ago/15;4,9314
11/ago/15;5,0059
12/ago/15;4,849
13/ago/15;4,7847
14/ago/15;4,8294
17/ago/15;4,9517
18/ago/15;4,929
19/ago/15;5,0084
20/ago/15;5,1061
21/ago/15;5,1908
24/ago/15;5,2775
25/ago/15;5,3096
26/ago/15;4,9491
27/ago/15;5,1011
28/ago/15;4,9339
31/ago/15;5,2912
1/set/15;5,4196
2/set/15;5,5359
3/set/15;5,5458
4/set/15;5,9116
7/set/15;5,8822
8/set/15;5,4918
9/set/15;5,6143
10/set/15;5,9591
11/set/15;5,8872
14/set/15;5,776
15/set/15;5,6734
16/set/15;5,7331
17/set/15;5,9185
18/set/15;6,6122
21/set/15;6,561
22/set/15;6,8747
23/set/15;7,4052
24/set/15;6,567
25/set/15;6,3914
28/set/15;6,8291
29/set/15;6,5535
30/set/15;6,1132
1/out/15;6,2711
2/out/15;6,0322
5/out/15;6,2109
6/out/15;6,3071
7/out/15;6,6191
8/out/15;6,4135
9/out/15;6,6879
12/out/15;6,6838
13/out/15;6,8541
14/out/15;6,9389
15/out/15;6,8683
16/out/15;6,9692
19/out/15;6,9708
20/out/15;6,9241
21/out/15;6,8946
22/out/15;7,0045
23/out/15;7,1558
26/out/15;7,1652
27/out/15;6,9008
28/out/15;7,1555
29/out/15;7,1072
30/out/15;7,2311
2/nov/15;7,2177
3/nov/15;7,0641
4/nov/15;6,8782
5/nov/15;6,857
6/nov/15;6,9142
9/nov/15;6,8825
10/nov/15;6,8921
11/nov/15;6,7863
12/nov/15;6,673
13/nov/15;6,6991
16/nov/15;6,6179
17/nov/15;6,7443
18/nov/15;6,6454
19/nov/15;6,4996
20/nov/15;6,4929
23/nov/15;6,4237
24/nov/15;6,4421
25/nov/15;6,6925
26/nov/15;6,769
27/nov/15;6,7638
30/nov/15;6,9722
1/dez/15;6,8698
2/dez/15;6,7411
3/dez/15;6,7571
4/dez/15;6,665
7/dez/15;6,7668
8/dez/15;6,6039
9/dez/15;6,5456
10/dez/15;6,5208
11/dez/15;6,6352
14/dez/15;6,6334
15/dez/15;6,8751
16/dez/15;6,782
17/dez/15;6,8362
18/dez/15;6,893
21/dez/15;7,1224
22/dez/15;7,1775
23/dez/15;7,1641
24/dez/15;7,1119
25/dez/15;7,1652
28/dez/15;7,2124
29/dez/15;7,1585
30/dez/15;7,2736
31/dez/15;7,3567
1/jan/16;7,3466
4/jan/16;7,2859
5/jan/16;6,7514
6/jan/16;6,6662
7/jan/16;6,9859
8/jan/16;6,9696
11/jan/16;7,0134
12/jan/16;6,9495
13/jan/16;6,9938
14/jan/16;7,0134
15/jan/16;6,9955
18/jan/16;6,8929
19/jan/16;7,1424
20/jan/16;7,054
21/jan/16;7,2728
22/jan/16;7,7461
25/jan/16;7,7113
26/jan/16;7,6792
27/jan/16;7,8059
28/jan/16;7,683
29/jan/16;7,4748
1/fev/16;7,3618
2/fev/16;7,4566
3/fev/16;7,2655
4/fev/16;7,6099
5/fev/16;7,6758
8/fev/16;7,4706
9/fev/16;7,5022
10/fev/16;7,6861
11/fev/16;7,4632
12/fev/16;7,544
15/fev/16;7,4976
16/fev/16;7,8315
17/fev/16;7,3848
18/fev/16;7,7314
19/fev/16;7,4849
22/fev/16;7,1699
23/fev/16;7,3373
24/fev/16;7,4871
25/fev/16;7,6526
26/fev/16;7,7552
29/fev/16;7,9691
1/mar/16;7,5755
2/mar/16;7,446
3/mar/16;7,0276
4/mar/16;6,5218
7/mar/16;6,9437
8/mar/16;6,7007
9/mar/16;6,5239
10/mar/16;6,0774
11/mar/16;6,4101
14/mar/16;6,3714
15/mar/16;6,8098
16/mar/16;6,9076
17/mar/16;6,4216
18/mar/16;6,3887
21/mar/16;6,3544
22/mar/16;6,0958
23/mar/16;6,4437
24/mar/16;6,5969
25/mar/16;6,6041
28/mar/16;6,3076
29/mar/16;5,9559
30/mar/16;6,1186
31/mar/16;6,3764
1/abr/16;6,1123
4/abr/16;6,471
5/abr/16;6,4376
6/abr/16;6,5944
7/abr/16;6,5168
8/abr/16;6,2615
11/abr/16;6,104
12/abr/16;5,9445
13/abr/16;5,5578
14/abr/16;5,4856
15/abr/16;5,3546
18/abr/16;5,4522
19/abr/16;5,4532
20/abr/16;5,4428
21/abr/16;5,4082
22/abr/16;5,4079
25/abr/16;5,1592
26/abr/16;5,1061
27/abr/16;4,8757
28/abr/16;5,2119
29/abr/16;4,8827
2/mai/16;4,7758
3/mai/16;4,7379
4/mai/16;4,9875
5/mai/16;4,8561
6/mai/16;4,9268
9/mai/16;5,0726
10/mai/16;4,7224
11/mai/16;4,6861
12/mai/16;4,5545
13/mai/16;4,6153
16/mai/16;4,6794
17/mai/16;4,8085
18/mai/16;5,1365
19/mai/16;4,9955
20/mai/16;4,8133
23/mai/16;5,1365
24/mai/16;5,0371
25/mai/16;5,2408
26/mai/16;5,2783
27/mai/16;5,3773
30/mai/16;5,2148
31/mai/16;5,3619
1/jun/16;5,2911
2/jun/16;5,165
3/jun/16;5,0796
6/jun/16;4,9235
7/jun/16;5,0287
8/jun/16;5,0236
9/jun/16;5,0112
10/jun/16;5,1833
13/jun/16;5,2586
14/jun/16;5,3171
15/jun/16;5,3929
16/jun/16;5,4455
17/jun/16;5,3716
20/jun/16;5,3328
21/jun/16;5,179
22/jun/16;5,1386
23/jun/16;4,996
24/jun/16;4,9712
27/jun/16;4,8572
28/jun/16;4,7331
29/jun/16;4,9331
30/jun/16;4,8423
1/jul/16;4,9888
4/jul/16;4,8193
5/jul/16;4,968
6/jul/16;5,0073
7/jul/16;5,0034
8/jul/16;4,8459
11/jul/16;4,8178
12/jul/16;4,9389
13/jul/16;4,8189
14/jul/16;4,7396
15/jul/16;4,6517
18/jul/16;4,5649
19/jul/16;4,6587
20/jul/16;4,4979
21/jul/16;4,6199
22/jul/16;4,7443
25/jul/16;4,7998
26/jul/16;4,7959
27/jul/16;4,7098
28/jul/16;4,6742
29/jul/16;4,6456
1/ago/16;4,6212
2/ago/16;4,7169
3/ago/16;4,7212
4/ago/16;4,7113
5/ago/16;4,6649
8/ago/16;4,7759
9/ago/16;4,7267
10/ago/16;4,7391
11/ago/16;4,8127
12/ago/16;4,894
15/ago/16;4,8005
16/ago/16;4,7366
17/ago/16;4,8086
18/ago/16;4,9301
19/ago/16;4,8731
22/ago/16;4,8654
23/ago/16;4,9657
24/ago/16;4,9783
25/ago/16;4,9312
26/ago/16;5,207
29/ago/16;4,9762
30/ago/16;5,074
31/ago/16;5,006
1/set/16;5,0301
2/set/16;4,9192
5/set/16;5,0249
6/set/16;5,1693
7/set/16;5,2052
8/set/16;5,2002
9/set/16;5,2973
12/set/16;5,286
13/set/16;5,4478
14/set/16;5,4823
15/set/16;5,3308
16/set/16;5,1696
19/set/16;5,163
20/set/16;5,1989
21/set/16;4,9645
22/set/16;4,8563
23/set/16;4,8484
26/set/16;4,9161
27/set/16;4,7845
28/set/16;4,5957
29/set/16;4,6739
30/set/16;4,5423
3/out/16;4,4443
4/out/16;4,607
5/out/16;4,4627
6/out/16;4,474
7/out/16;4,4617
10/out/16;4,2979
11/out/16;4,3072
12/out/16;4,2558
13/out/16;4,3494
14/out/16;4,4027
17/out/16;4,3033
18/out/16;4,2245
19/out/16;3,9682
20/out/16;3,8701
21/out/16;3,9977
24/out/16;3,7964
25/out/16;3,8487
26/out/16;3,9847
27/out/16;4,0405
28/out/16;4,0844
31/out/16;4,0745
1/nov/16;4,1934
2/nov/16;4,2549
3/nov/16;4,348
4/nov/16;4,227
7/nov/16;4,1154
8/nov/16;4,0177
9/nov/16;4,1818
10/nov/16;4,3072
11/nov/16;4,1756
14/nov/16;4,4874
15/nov/16;4,6072
16/nov/16;4,2415
17/nov/16;4,443
18/nov/16;4,3071
21/nov/16;4,2086
22/nov/16;4,1141
23/nov/16;4,1237
24/nov/16;4,1567
25/nov/16;4,4145
28/nov/16;4,3297
29/nov/16;4,2625
30/nov/16;4,1312
1/dez/16;4,5295
2/dez/16;4,6129
5/dez/16;4,3837
6/dez/16;4,5259
7/dez/16;4,4367
8/dez/16;4,2233
9/dez/16;4,2982
12/dez/16;4,3796
13/dez/16;4,4144
14/dez/16;4,361
15/dez/16;4,4563
16/dez/16;4,2929
19/dez/16;4,3059
20/dez/16;4,1044
21/dez/16;3,973
22/dez/16;3,8176
23/dez/16;3,7519
26/dez/16;3,8492
27/dez/16;3,7069
28/dez/16;3,6693
29/dez/16;3,686
30/dez/16;3,7191
2/jan/17;3,6311
3/jan/17;3,4479
4/jan/17;3,732
5/jan/17;3,7051
6/jan/17;3,8925
9/jan/17;3,8353
10/jan/17;3,6385
11/jan/17;3,7285
12/jan/17;3,6977
13/jan/17;3,7269
16/jan/17;3,6638
17/jan/17;3,6958
18/jan/17;3,7503
19/jan/17;3,6788
20/jan/17;3,6451
23/jan/17;3,5372
24/jan/17;3,5305
25/jan/17;3,5728
26/jan/17;3,4985
27/jan/17;3,3489
30/jan/17;3,4822
31/jan/17;3,6338
1/fev/17;3,5344
2/fev/17;3,4201
3/fev/17;3,2273
6/fev/17;3,2307
7/fev/17;3,1449
8/fev/17;2,9618
9/fev/17;2,9927
10/fev/17;3,0244
13/fev/17;3,1556
14/fev/17;3,1907
15/fev/17;3,0819
16/fev/17;3,0812
17/fev/17;3,086
20/fev/17;2,9852
21/fev/17;3,0145
22/fev/17;2,9026
23/fev/17;2,8358
24/fev/17;3,0333
27/fev/17;2,9516
28/fev/17;2,9097
1/mar/17;2,8504
2/mar/17;2,9892
3/mar/17;2,9893
6/mar/17;2,9518
7/mar/17;2,9683
8/mar/17;3,0556
9/mar/17;3,0754
10/mar/17;3,0872
13/mar/17;2,9335
14/mar/17;3,0487
15/mar/17;2,9582
16/mar/17;2,9824
17/mar/17;3,0415
20/mar/17;3,0352
21/mar/17;3,0378
22/mar/17;3,1913
23/mar/17;3,2762
24/mar/17;3,0714
27/mar/17;2,9929
28/mar/17;3,0233
29/mar/17;3,0036
30/mar/17;3,0571
31/mar/17;2,9879
3/abr/17;2,7966
4/abr/17;2,8298
5/abr/17;2,7848
6/abr/17;2,8433
7/abr/17;2,8445
10/abr/17;2,7597
11/abr/17;2,7952
12/abr/17;2,9089
13/abr/17;3,0172
14/abr/17;3,026
17/abr/17;3,0147
18/abr/17;2,9918
19/abr/17;3,0237
20/abr/17;3,0994
21/abr/17;3,1191
24/abr/17;3,1095
25/abr/17;3,3101
26/abr/17;3,2969
27/abr/17;3,3542
28/abr/17;3,3114
1/mai/17;3,3219
2/mai/17;3,1836
3/mai/17;3,2001
4/mai/17;3,1991
5/mai/17;3,1025
8/mai/17;3,1033
9/mai/17;3,0497
10/mai/17;3,0494
11/mai/17;3,0454
12/mai/17;3,0368
15/mai/17;3,0937
16/mai/17;2,9585
17/mai/17;2,992
18/mai/17;4,6957
19/mai/17;4,5735
22/mai/17;4,881
23/mai/17;4,5201
24/mai/17;4,0113
25/mai/17;4,0079
26/mai/17;4,0578
29/mai/17;3,904
30/mai/17;3,9136
31/mai/17;3,8574
1/jun/17;3,8896
2/jun/17;3,9947
5/jun/17;4,1199
6/jun/17;4,1042
7/jun/17;4,0635
8/jun/17;4,1276
9/jun/17;4,0563
12/jun/17;3,9898
13/jun/17;3,9733
14/jun/17;3,9241
15/jun/17;3,8905
16/jun/17;3,6943
19/jun/17;3,5531
20/jun/17;3,6514
21/jun/17;3,7536
22/jun/17;3,8568
23/jun/17;3,8716
26/jun/17;3,8562
27/jun/17;3,8514
28/jun/17;3,7937
29/jun/17;3,6803
30/jun/17;3,5908
3/jul/17;3,4051
4/jul/17;3,5853
5/jul/17;3,4755
6/jul/17;3,4301
7/jul/17;3,5097
10/jul/17;3,435
11/jul/17;3,4064
12/jul/17;3,2328
13/jul/17;3,2548
14/jul/17;3,1973
17/jul/17;3,2469
18/jul/17;3,1587
19/jul/17;3,104
20/jul/17;3,0577
21/jul/17;3,0387
24/jul/17;3,027
25/jul/17;3,0399
26/jul/17;3,0108
27/jul/17;2,9436
28/jul/17;3,0082
31/jul/17;2,9908
1/ago/17;2,9832
2/ago/17;2,834
3/ago/17;2,7119
4/ago/17;2,7109
7/ago/17;2,8055
8/ago/17;2,8787
9/ago/17;3,0084
10/ago/17;3,1405
11/ago/17;3,0846
14/ago/17;3,1118
15/ago/17;3,1101
16/ago/17;3,1768
17/ago/17;3,3281
18/ago/17;3,2259
21/ago/17;3,3202
22/ago/17;3,3251
23/ago/17;3,2801
24/ago/17;3,2511
25/ago/17;3,311
28/ago/17;3,2719
29/ago/17;3,2905
30/ago/17;3,3424
31/ago/17;3,2289
1/set/17;3,26
4/set/17;3,2625
5/set/17;3,1926
6/set/17;3,0896
7/set/17;3,1396
8/set/17;3,011
11/set/17;3,1375
12/set/17;3,2008
13/set/17;3,2379
14/set/17;3,1522
15/set/17;3,175
18/set/17;3,1517
19/set/17;3,1685
20/set/17;3,1458
21/set/17;3,1052
22/set/17;3,1633
25/set/17;3,3124
26/set/17;3,2755
27/set/17;3,3641
28/set/17;3,1646
29/set/17;3,1284
2/out/17;3,1199
3/out/17;3,1739
4/out/17;3,1821
5/out/17;3,267
6/out/17;3,0065
9/out/17;3,0016
10/out/17;2,975
11/out/17;3,0654
12/out/17;3,0534
13/out/17;3,0205
16/out/17;3,0784
17/out/17;3,0197
18/out/17;2,9927
19/out/17;2,8925
20/out/17;2,7244
23/out/17;3,0142
24/out/17;2,9195
25/out/17;2,9508
26/out/17;2,9681
27/out/17;2,9125
30/out/17;2,9729
31/out/17;2,9511
1/nov/17;3,1734
2/nov/17;3,1551
3/nov/17;3,3378
6/nov/17;3,1385
7/nov/17;3,2247
8/nov/17;3,2997
9/nov/17;3,2923
10/nov/17;3,4047
13/nov/17;3,5747
14/nov/17;3,7307
15/nov/17;3,7605
16/nov/17;3,5797
17/nov/17;3,3787
20/nov/17;3,3562
21/nov/17;3,2354
22/nov/17;3,322
23/nov/17;3,2047
24/nov/17;3,4364
27/nov/17;3,4427
28/nov/17;3,4432
29/nov/17;3,6599
30/nov/17;3,7341
1/dez/17;3,719
4/dez/17;3,65
5/dez/17;3,613
6/dez/17;3,5287
7/dez/17;3,6059
8/dez/17;3,5212
11/dez/17;3,5502
12/dez/17;3,6661
13/dez/17;3,609
14/dez/17;3,7046
15/dez/17;3,6467
18/dez/17;3,7758
19/dez/17;4,0689
20/dez/17;3,944
21/dez/17;3,7133
22/dez/17;3,7174
25/dez/17;3,6874
26/dez/17;3,6203
27/dez/17;3,6911
28/dez/17;3,618
29/dez/17;3,6185
1/jan/18;3,6055
2/jan/18;3,5247
3/jan/18;3,5235
4/jan/18;3,5382
5/jan/18;3,5848
8/jan/18;3,5141
9/jan/18;3,5184
10/jan/18;3,47
11/jan/18;3,3562
12/jan/18;3,2758
15/jan/18;3,3225
16/jan/18;3,2979
17/jan/18;3,2989
18/jan/18;3,1785
19/jan/18;3,1951
22/jan/18;3,2505
23/jan/18;3,4062
24/jan/18;3,2754
25/jan/18;3,2741
26/jan/18;3,1176
29/jan/18;3,1549
30/jan/18;3,0598
31/jan/18;2,9644
1/fev/18;2,7647
2/fev/18;2,9083
5/fev/18;2,9748
6/fev/18;2,9098
7/fev/18;2,9812
8/fev/18;2,9855
9/fev/18;3,142
12/fev/18;3,1186
13/fev/18;3,1608
14/fev/18;3,0888
15/fev/18;3,1707
16/fev/18;3,2401
19/fev/18;3,2481
20/fev/18;3,156
21/fev/18;3,1803
22/fev/18;3,1847
23/fev/18;3,0304
26/fev/18;2,8117
27/fev/18;2,8362
28/fev/18;2,8294
1/mar/18;2,7671
2/mar/18;2,7828
5/mar/18;2,7547
6/mar/18;2,7576
7/mar/18;2,7769
8/mar/18;2,8208
9/mar/18;2,8169
12/mar/18;2,8172
13/mar/18;2,7312
14/mar/18;2,6674
15/mar/18;2,6854
16/mar/18;2,6085
19/mar/18;2,6032
20/mar/18;2,6266
21/mar/18;2,5437
22/mar/18;2,6212
23/mar/18;2,8096
26/mar/18;2,9038
27/mar/18;3,02
28/mar/18;2,9838
29/mar/18;2,9153
30/mar/18;2,9046
2/abr/18;2,9089
3/abr/18;2,962
4/abr/18;3,1557
5/abr/18;3,041
6/abr/18;3,1419
9/abr/18;3,1714
10/abr/18;3,2253
11/abr/18;3,2435
12/abr/18;2,9418
13/abr/18;3,1419
16/abr/18;3,2159
17/abr/18;3,0634
18/abr/18;3,0912
19/abr/18;3,0622
20/abr/18;3,1277
23/abr/18;3,3068
24/abr/18;3,2857
25/abr/18;3,26
26/abr/18;3,2931
27/abr/18;3,149
30/abr/18;3,0744
1/mai/18;3,1887
2/mai/18;3,1921
3/mai/18;3,1469
4/mai/18;3,15
7/mai/18;3,1486
8/mai/18;3,2502
9/mai/18;3,5077
10/mai/18;3,2252
11/mai/18;3,2746
14/mai/18;3,3327
15/mai/18;3,4261
16/mai/18;3,4357
17/mai/18;3,4077
18/mai/18;3,8415
21/mai/18;3,8553
22/mai/18;3,8483
23/mai/18;3,9804
24/mai/18;4,2984
25/mai/18;4,686
28/mai/18;4,6069
29/mai/18;4,946
30/mai/18;5,0056
31/mai/18;4,9682
1/jun/18;5,0409
4/jun/18;5,1698
5/jun/18;5,8847
6/jun/18;6,2199
7/jun/18;6,0068
8/jun/18;5,3977
11/jun/18;5,2122
12/jun/18;5,0452
13/jun/18;5,1388
14/jun/18;5,6904
15/jun/18;5,2286
18/jun/18;5,3961
19/jun/18;5,1088
20/jun/18;4,9951
21/jun/18;5,199
22/jun/18;5,279
25/jun/18;5,1836
26/jun/18;5,2367
27/jun/18;5,2078
28/jun/18;5,2769
29/jun/18;4,9532
2/jul/18;4,6179
3/jul/18;4,7279
4/jul/18;4,5864
5/jul/18;4,6582
6/jul/18;4,4981
9/jul/18;4,4724
10/jul/18;4,3844
11/jul/18;4,4708
12/jul/18;4,5976
13/jul/18;4,3543
16/jul/18;4,5221
17/jul/18;4,4733
18/jul/18;4,3912
19/jul/18;4,3065
20/jul/18;3,8067
23/jul/18;3,8588
24/jul/18;3,903
25/jul/18;3,7614
26/jul/18;3,8659
27/jul/18;3,923
30/jul/18;3,8942
31/jul/18;4,0222
1/ago/18;4,1755
2/ago/18;4,3009
3/ago/18;3,9897
6/ago/18;3,9198
7/ago/18;4,1093
8/ago/18;4,2061
9/ago/18;4,3989
10/ago/18;4,6368
13/ago/18;4,751
14/ago/18;4,2928
15/ago/18;4,261
16/ago/18;4,4245
17/ago/18;4,7139
20/ago/18;4,7606
21/ago/18;5,2657
22/ago/18;5,1091
23/ago/18;5,2204
24/ago/18;5,0883
27/ago/18;5,0164
28/ago/18;5,1102
29/ago/18;5,1743
30/ago/18;5,389
31/ago/18;5,1985
3/set/18;5,3112
4/set/18;5,3927
5/set/18;5,4159
6/set/18;5,2229
7/set/18;5,2662
10/set/18;5,2046
11/set/18;5,3661
12/set/18;5,1091
13/set/18;5,1778
14/set/18;5,087
17/set/18;5,0359
18/set/18;5,0258
19/set/18;4,9234
20/set/18;4,5861
21/set/18;4,4625
24/set/18;4,5989
25/set/18;4,6113
26/set/18;4,4711
27/set/18;4,4127
28/set/18;4,5512
1/out/18;4,3007
2/out/18;4,1147
3/out/18;3,9347
4/out/18;3,8807
5/out/18;3,8853
8/out/18;3,375
9/out/18;3,1755
10/out/18;3,2892
11/out/18;3,3362
12/out/18;3,4124
15/out/18;2,9797
16/out/18;2,7931
17/out/18;2,6083
18/out/18;2,7124
19/out/18;2,6959
22/out/18;2,51
23/out/18;2,658
24/out/18;2,7684
25/out/18;2,916
26/out/18;2,6147
29/out/18;2,5257
30/out/18;2,3128
31/out/18;2,4172
1/nov/18;2,2197
2/nov/18;2,2667
5/nov/18;2,2757
6/nov/18;2,4757
7/nov/18;2,5766
8/nov/18;2,7123
9/nov/18;2,7418
12/nov/18;2,7577
13/nov/18;2,7874
14/nov/18;2,5967
15/nov/18;2,6631
16/nov/18;2,2719
19/nov/18;2,3238
20/nov/18;2,3025
21/nov/18;2,25
22/nov/18;2,197
23/nov/18;1,9979
26/nov/18;2,2432
27/nov/18;2,2206
28/nov/18;2,1168
29/nov/18;2,0326
30/nov/18;2,0021
3/dez/18;2,0272
4/dez/18;2,2805
5/dez/18;2,3014
6/dez/18;2,1843
7/dez/18;2,1834
10/dez/18;2,3611
11/dez/18;2,4198
12/dez/18;2,2262
13/dez/18;2,0982
14/dez/18;2,0247
17/dez/18;2,0862
18/dez/18;2,1439
19/dez/18;2,0398
20/dez/18;1,8668
21/dez/18;1,7404
24/dez/18;1,731
25/dez/18;1,7525
26/dez/18;1,7351
27/dez/18;1,6044
28/dez/18;1,6639
31/dez/18;1,6437
1/jan/19;1,6548
2/jan/19;1,6239
3/jan/19;1,6666
4/jan/19;1,5449
7/jan/19;1,5724
8/jan/19;1,5009
9/jan/19;1,4724
10/jan/19;1,5838
11/jan/19;1,5595
14/jan/19;1,5222
15/jan/19;1,625
16/jan/19;1,6488
17/jan/19;1,562
18/jan/19;1,3401
21/jan/19;1,4025
22/jan/19;1,3565
23/jan/19;1,2974
24/jan/19;1,5372
25/jan/19;1,5679
28/jan/19;1,5605
29/jan/19;1,4995
30/jan/19;1,5519
31/jan/19;1,4203
1/fev/19;1,1903
4/fev/19;1,2115
5/fev/19;1,3139
6/fev/19;1,4906
7/fev/19;1,5089
8/fev/19;1,6073
11/fev/19;1,56
12/fev/19;1,4481
13/fev/19;1,349
14/fev/19;1,3232
15/fev/19;1,2168
18/fev/19;1,3738
19/fev/19;1,2751
20/fev/19;1,3781
21/fev/19;1,438
22/fev/19;1,4189
25/fev/19;1,4883
26/fev/19;1,5391
27/fev/19;1,5436
28/fev/19;1,5359
1/mar/19;1,5635
4/mar/19;1,5515
5/mar/19;1,5893
6/mar/19;1,7271
7/mar/19;1,6971
8/mar/19;1,6065
11/mar/19;1,4584
12/mar/19;1,4759
13/mar/19;1,3833
14/mar/19;1,4259
15/mar/19;1,4185
18/mar/19;1,4306
19/mar/19;1,3801
20/mar/19;1,3443
21/mar/19;1,4129
22/mar/19;1,8972
25/mar/19;1,6791
26/mar/19;1,7665
27/mar/19;1,9181
28/mar/19;1,5763
29/mar/19;1,5719
1/abr/19;1,4712
2/abr/19;1,4997
3/abr/19;1,5668
4/abr/19;1,5045
5/abr/19;1,5265
8/abr/19;1,6079
9/abr/19;1,6298
10/abr/19;1,5013
11/abr/19;1,5762
12/abr/19;1,6357
15/abr/19;1,4965
16/abr/19;1,544
17/abr/19;1,6133
18/abr/19;1,5964
19/abr/19;1,541
22/abr/19;1,5565
23/abr/19;1,3589
24/abr/19;1,4536
25/abr/19;1,4651
26/abr/19;1,4354
29/abr/19;1,4796
30/abr/19;1,4803
1/mai/19;1,4644
2/mai/19;1,3998
3/mai/19;1,2485
6/mai/19;1,2749
7/mai/19;1,2489
8/mai/19;1,2403
9/mai/19;1,2388
10/mai/19;1,2653
13/mai/19;1,3141
14/mai/19;1,287
15/mai/19;1,359
16/mai/19;1,4713
17/mai/19;1,6614
20/mai/19;1,4793
21/mai/19;1,4619