Start Date,40182
End Date,
,
,.BZXEM F Index
,Last Price
Dates,PX_LAST
11-Jan-10,4.3912
12-Jan-10,4.3592
13-Jan-10,4.2166
14-Jan-10,4.49
15-Jan-10,4.3429
18-Jan-10,4.281
19-Jan-10,4.3701
20-Jan-10,4.4317
21-Jan-10,4.4336
22-Jan-10,4.4731
25-Jan-10,4.5001
26-Jan-10,4.616
27-Jan-10,4.6201
28-Jan-10,4.5576
29-Jan-10,4.6245
1-Feb-10,4.5324
2-Feb-10,4.3186
3-Feb-10,4.3215
4-Feb-10,4.2854
5-Feb-10,4.1316
8-Feb-10,4.2649
9-Feb-10,4.3141
10-Feb-10,4.4586
11-Feb-10,4.5416
12-Feb-10,4.594
15-Feb-10,4.4612
16-Feb-10,4.5926
17-Feb-10,4.5353
18-Feb-10,4.7444
19-Feb-10,4.7378
22-Feb-10,4.5779
23-Feb-10,4.5485
24-Feb-10,4.6413
25-Feb-10,4.4852
26-Feb-10,4.4116
1-Mar-10,4.3429
2-Mar-10,4.4443
3-Mar-10,4.4225
4-Mar-10,4.3928
5-Mar-10,4.1015
8-Mar-10,4.1161
9-Mar-10,4.1556
10-Mar-10,4.2264
11-Mar-10,4.0892
12-Mar-10,4.1007
15-Mar-10,3.9885
16-Mar-10,3.9409
17-Mar-10,3.9293
18-Mar-10,3.8623
19-Mar-10,4.0081
22-Mar-10,4.0054
23-Mar-10,3.9939
24-Mar-10,3.9286
25-Mar-10,3.8395
26-Mar-10,3.8722
29-Mar-10,3.7704
30-Mar-10,3.6093
31-Mar-10,3.7827
1-Apr-10,3.9352
2-Apr-10,3.8325
5-Apr-10,3.803
6-Apr-10,3.6679
7-Apr-10,3.908
8-Apr-10,4.0296
9-Apr-10,3.9851
12-Apr-10,3.9871
13-Apr-10,3.9714
14-Apr-10,3.9595
15-Apr-10,4.1628
16-Apr-10,4.0834
19-Apr-10,4.0329
20-Apr-10,4.1061
21-Apr-10,4.2071
22-Apr-10,4.1994
23-Apr-10,3.9061
26-Apr-10,3.8118
27-Apr-10,3.6714
28-Apr-10,3.571
29-Apr-10,3.3916
30-Apr-10,3.4271
3-May-10,3.4569
4-May-10,3.5916
5-May-10,3.5919
6-May-10,3.4294
7-May-10,3.7851
10-May-10,3.6448
11-May-10,3.6179
12-May-10,3.5485
13-May-10,3.5038
14-May-10,3.4787
17-May-10,3.4278
18-May-10,3.477
19-May-10,3.5027
20-May-10,3.5019
21-May-10,3.3722
24-May-10,3.161
25-May-10,3.3334
26-May-10,3.4748
27-May-10,3.5052
28-May-10,3.6332
31-May-10,3.5606
1-Jun-10,3.566
2-Jun-10,3.6094
3-Jun-10,3.8019
4-Jun-10,3.5087
7-Jun-10,3.5414
8-Jun-10,3.4962
9-Jun-10,3.6306
10-Jun-10,3.695
11-Jun-10,3.7532
14-Jun-10,3.7199
15-Jun-10,3.8412
16-Jun-10,3.758
17-Jun-10,3.5188
18-Jun-10,3.5276
21-Jun-10,3.6223
22-Jun-10,3.7582
23-Jun-10,3.7151
24-Jun-10,3.7208
25-Jun-10,3.7354
28-Jun-10,3.663
29-Jun-10,3.689
30-Jun-10,3.7358
1-Jul-10,3.6828
2-Jul-10,3.7447
5-Jul-10,3.8418
6-Jul-10,3.7066
7-Jul-10,3.8398
8-Jul-10,3.934
9-Jul-10,3.9787
12-Jul-10,4.0692
13-Jul-10,3.8851
14-Jul-10,3.7537
15-Jul-10,3.7847
16-Jul-10,3.7867
19-Jul-10,3.8194
20-Jul-10,3.8699
21-Jul-10,3.7225
22-Jul-10,3.7735
23-Jul-10,3.8397
26-Jul-10,3.6493
27-Jul-10,3.6719
28-Jul-10,3.7013
29-Jul-10,3.6876
30-Jul-10,3.6552
2-Aug-10,3.6307
3-Aug-10,3.6233
4-Aug-10,3.6164
5-Aug-10,3.5993
6-Aug-10,3.6889
9-Aug-10,3.5109
10-Aug-10,3.4121
11-Aug-10,3.448
12-Aug-10,3.5194
13-Aug-10,3.5089
16-Aug-10,3.4523
17-Aug-10,3.5203
18-Aug-10,3.3774
19-Aug-10,3.3525
20-Aug-10,3.3806
23-Aug-10,3.2145
24-Aug-10,3.1934
25-Aug-10,3.133
26-Aug-10,3.3043
27-Aug-10,3.3087
30-Aug-10,3.3408
31-Aug-10,3.1852
1-Sep-10,3.3614
2-Sep-10,3.4588
3-Sep-10,3.4508
6-Sep-10,3.381
7-Sep-10,3.3709
8-Sep-10,3.384
9-Sep-10,3.533
10-Sep-10,3.4301
13-Sep-10,3.52
14-Sep-10,3.5204
15-Sep-10,3.5729
16-Sep-10,3.6989
17-Sep-10,3.6078
20-Sep-10,3.5953
21-Sep-10,3.5259
22-Sep-10,3.6583
23-Sep-10,3.5579
24-Sep-10,3.4338
27-Sep-10,3.5968
28-Sep-10,3.7297
29-Sep-10,3.8011
30-Sep-10,3.773
1-Oct-10,3.8801
4-Oct-10,3.713
5-Oct-10,3.8271
6-Oct-10,3.9821
7-Oct-10,4.05
8-Oct-10,3.9538
11-Oct-10,3.8923
12-Oct-10,3.9212
13-Oct-10,3.9338
14-Oct-10,3.7399
15-Oct-10,3.5139
18-Oct-10,3.7543
19-Oct-10,4.165
20-Oct-10,4.0226
21-Oct-10,4.1964
22-Oct-10,4.1418
25-Oct-10,4.1719
26-Oct-10,4.0314
27-Oct-10,4.2072
28-Oct-10,4.1887
29-Oct-10,3.9083
1-Nov-10,3.8667
2-Nov-10,3.9127
3-Nov-10,3.9034
4-Nov-10,4.0432
5-Nov-10,4.0578
8-Nov-10,4.2272
9-Nov-10,4.1984
10-Nov-10,4.0653
11-Nov-10,4.074
12-Nov-10,3.8902
15-Nov-10,3.8288
16-Nov-10,3.9473
17-Nov-10,4.0272
18-Nov-10,4.006
19-Nov-10,3.9463
22-Nov-10,4.3288
23-Nov-10,4.1227
24-Nov-10,3.8768
25-Nov-10,3.8106
26-Nov-10,3.6407
29-Nov-10,3.6661
30-Nov-10,3.5027
1-Dec-10,3.4633
2-Dec-10,3.6153
3-Dec-10,3.6012
6-Dec-10,3.6012
7-Dec-10,3.6016
8-Dec-10,3.6667
9-Dec-10,3.5179
10-Dec-10,3.4217
13-Dec-10,3.4847
14-Dec-10,3.3951
15-Dec-10,3.4531
16-Dec-10,3.5289
17-Dec-10,3.583
20-Dec-10,3.4879
21-Dec-10,3.5555
22-Dec-10,3.3319
23-Dec-10,3.3249
24-Dec-10,3.2146
27-Dec-10,3.2139
28-Dec-10,3.1655
29-Dec-10,3.2224
30-Dec-10,3.2396
31-Dec-10,3.229
3-Jan-11,3.0083
4-Jan-11,3.1185
5-Jan-11,3.1858
6-Jan-11,3.1719
7-Jan-11,3.3315
10-Jan-11,3.4801
11-Jan-11,3.423
12-Jan-11,3.3946
13-Jan-11,3.4912
14-Jan-11,3.4859
17-Jan-11,3.4214
18-Jan-11,3.3973
19-Jan-11,3.2915
20-Jan-11,3.37
21-Jan-11,3.2799
24-Jan-11,3.2246
25-Jan-11,3.2033
26-Jan-11,3.3435
27-Jan-11,3.2828
28-Jan-11,3.0296
31-Jan-11,3.2078
1-Feb-11,3.3432
2-Feb-11,3.1916
3-Feb-11,3.1889
4-Feb-11,3.2867
7-Feb-11,3.2413
8-Feb-11,2.9356
9-Feb-11,2.9727
10-Feb-11,3.1297
11-Feb-11,3.3969
14-Feb-11,3.2912
15-Feb-11,3.222
16-Feb-11,3.189
17-Feb-11,3.099
18-Feb-11,3.0545
21-Feb-11,3.074
22-Feb-11,2.9972
23-Feb-11,3.0494
24-Feb-11,2.946
25-Feb-11,2.8977
28-Feb-11,2.9561
1-Mar-11,2.921
2-Mar-11,3.0489
3-Mar-11,3.1443
4-Mar-11,3.1915
7-Mar-11,3.2028
8-Mar-11,3.2645
9-Mar-11,3.2838
10-Mar-11,3.2775
11-Mar-11,3.2778
14-Mar-11,3.3096
15-Mar-11,3.4419
16-Mar-11,3.5363
17-Mar-11,3.5381
18-Mar-11,3.5231
21-Mar-11,3.6302
22-Mar-11,3.528
23-Mar-11,3.5309
24-Mar-11,3.4186
25-Mar-11,3.388
28-Mar-11,3.3584
29-Mar-11,3.4932
30-Mar-11,3.4586
31-Mar-11,3.5757
1-Apr-11,3.4617
4-Apr-11,3.4896
5-Apr-11,3.5227
6-Apr-11,3.6429
7-Apr-11,3.5921
8-Apr-11,3.5624
11-Apr-11,3.6307
12-Apr-11,3.6394
13-Apr-11,3.5576
14-Apr-11,3.4972
15-Apr-11,3.6629
18-Apr-11,3.6847
19-Apr-11,3.6977
20-Apr-11,3.6576
21-Apr-11,3.673
22-Apr-11,3.6726
25-Apr-11,3.8366
26-Apr-11,3.7085
27-Apr-11,3.5695
28-Apr-11,3.4819
29-Apr-11,3.5581
2-May-11,3.5322
3-May-11,3.5829
4-May-11,3.6172
5-May-11,3.5735
6-May-11,3.5733
9-May-11,3.4816
10-May-11,3.5522
11-May-11,3.4505
12-May-11,3.4929
13-May-11,3.4126
16-May-11,3.4284
17-May-11,3.4132
18-May-11,3.385
19-May-11,3.5929
20-May-11,3.6942
23-May-11,3.6516
24-May-11,3.6768
25-May-11,3.8039
26-May-11,3.7841
27-May-11,3.8379
30-May-11,3.8838
31-May-11,3.7404
1-Jun-11,3.7833
2-Jun-11,3.8771
3-Jun-11,3.7961
6-Jun-11,3.8438
7-Jun-11,3.8468
8-Jun-11,3.7579
9-Jun-11,3.3788
10-Jun-11,3.291
13-Jun-11,3.6187
14-Jun-11,3.5876
15-Jun-11,3.4562
16-Jun-11,3.4215
17-Jun-11,3.4343
20-Jun-11,3.4682
21-Jun-11,3.5698
22-Jun-11,3.5478
23-Jun-11,3.5564
24-Jun-11,3.5939
27-Jun-11,3.5345
28-Jun-11,3.5596
29-Jun-11,3.4607
30-Jun-11,3.586
1-Jul-11,3.4607
4-Jul-11,3.465
5-Jul-11,3.5036
6-Jul-11,3.4155
7-Jul-11,3.5238
8-Jul-11,3.6271
11-Jul-11,3.5788
12-Jul-11,3.7242
13-Jul-11,3.6633
14-Jul-11,3.7577
15-Jul-11,3.8502
18-Jul-11,3.7457
19-Jul-11,3.7237
20-Jul-11,3.8228
21-Jul-11,3.7846
22-Jul-11,3.7293
25-Jul-11,3.8694
26-Jul-11,3.9155
27-Jul-11,3.9091
28-Jul-11,4.1986
29-Jul-11,4.2157
1-Aug-11,4.1663
2-Aug-11,4.0458
3-Aug-11,4.1309
4-Aug-11,4.1473
5-Aug-11,4.1206
8-Aug-11,3.9732
9-Aug-11,3.9375
10-Aug-11,4.0493
11-Aug-11,4.2108
12-Aug-11,3.7344
15-Aug-11,3.8942
16-Aug-11,3.8859
17-Aug-11,3.8293
18-Aug-11,3.7634
19-Aug-11,3.9264
22-Aug-11,3.9902
23-Aug-11,3.8934
24-Aug-11,3.7653
25-Aug-11,3.7552
26-Aug-11,3.611
29-Aug-11,3.2081
30-Aug-11,3.4114
31-Aug-11,3.5062
1-Sep-11,3.4094
2-Sep-11,3.7223
5-Sep-11,3.5495
6-Sep-11,3.4455
7-Sep-11,3.3975
8-Sep-11,3.5294
9-Sep-11,3.3522
12-Sep-11,3.1317
13-Sep-11,3.3517
14-Sep-11,3.2938
15-Sep-11,3.2569
16-Sep-11,3.3138
19-Sep-11,3.1745
20-Sep-11,3.303
21-Sep-11,3.3735
22-Sep-11,3.2316
23-Sep-11,2.6819
26-Sep-11,2.3971
27-Sep-11,2.9301
28-Sep-11,2.7722
29-Sep-11,2.7439
30-Sep-11,2.4712
3-Oct-11,2.2926
4-Oct-11,2.3661
5-Oct-11,2.4641
6-Oct-11,2.6618
7-Oct-11,2.7974
10-Oct-11,2.8339
11-Oct-11,2.811
12-Oct-11,2.9143
13-Oct-11,2.9191
14-Oct-11,3.0954
17-Oct-11,3.0446
18-Oct-11,2.9445
19-Oct-11,2.8886
20-Oct-11,2.9938
21-Oct-11,3.0023
24-Oct-11,3.0138
25-Oct-11,3.1503
26-Oct-11,3.0526
27-Oct-11,3.4564
28-Oct-11,3.362
31-Oct-11,3.1342
1-Nov-11,3.052
2-Nov-11,3.1395
3-Nov-11,3.1612
4-Nov-11,3.1604
7-Nov-11,3.0296
8-Nov-11,2.8982
9-Nov-11,2.7448
10-Nov-11,2.775
11-Nov-11,2.8363
14-Nov-11,2.826
15-Nov-11,2.8007
16-Nov-11,2.6918
17-Nov-11,2.6518
18-Nov-11,2.6505
21-Nov-11,2.6531
22-Nov-11,2.65
23-Nov-11,2.5866
24-Nov-11,2.5801
25-Nov-11,2.5252
28-Nov-11,2.6841
29-Nov-11,2.8397
30-Nov-11,2.9404
1-Dec-11,2.8978
2-Dec-11,2.9949
5-Dec-11,3.1197
6-Dec-11,3.1298
7-Dec-11,3.0136
8-Dec-11,2.9548
9-Dec-11,2.9538
12-Dec-11,2.8992
13-Dec-11,2.9541
14-Dec-11,2.9705
15-Dec-11,2.7864
16-Dec-11,3.0666
19-Dec-11,3.1132
20-Dec-11,3.0777
21-Dec-11,3.0857
22-Dec-11,3.206
23-Dec-11,3.2346
26-Dec-11,3.2438
27-Dec-11,3.133
28-Dec-11,3.1472
29-Dec-11,3.2954
30-Dec-11,3.3207
2-Jan-12,3.1432
3-Jan-12,3.2409
4-Jan-12,3.3726
5-Jan-12,3.4461
6-Jan-12,3.4247
9-Jan-12,3.4949
10-Jan-12,3.603
11-Jan-12,3.6607
12-Jan-12,3.8131
13-Jan-12,3.7295
16-Jan-12,3.6145
17-Jan-12,3.7012
18-Jan-12,3.7551
19-Jan-12,3.8902
20-Jan-12,3.8929
23-Jan-12,4.029
24-Jan-12,4.075
25-Jan-12,4.0944
26-Jan-12,3.9787
27-Jan-12,3.9351
30-Jan-12,4.0023
31-Jan-12,4.0702
1-Feb-12,4.0829
2-Feb-12,4.1458
3-Feb-12,4.0739
6-Feb-12,4.176
7-Feb-12,4.1755
8-Feb-12,4.2092
9-Feb-12,4.1843
10-Feb-12,3.9703
13-Feb-12,3.9008
14-Feb-12,3.7498
15-Feb-12,3.6948
16-Feb-12,3.7543
17-Feb-12,4.6459
20-Feb-12,3.6716
21-Feb-12,3.6469
22-Feb-12,3.5343
23-Feb-12,3.6401
24-Feb-12,3.9155
27-Feb-12,3.9001
28-Feb-12,3.816
29-Feb-12,3.8851
1-Mar-12,4.0288
2-Mar-12,4.0592
5-Mar-12,4.0666
6-Mar-12,4.1633
7-Mar-12,4.2527
8-Mar-12,4.1535
9-Mar-12,4.1236
12-Mar-12,4.1258
13-Mar-12,4.2865
14-Mar-12,4.3026
15-Mar-12,4.0898
16-Mar-12,4.2378
19-Mar-12,4.3231
20-Mar-12,4.1649
21-Mar-12,4.129
22-Mar-12,3.9912
23-Mar-12,4.036
26-Mar-12,4.0509
27-Mar-12,3.934
28-Mar-12,3.9759
29-Mar-12,3.8921
30-Mar-12,3.8675
2-Apr-12,3.8033
3-Apr-12,3.8426
4-Apr-12,3.8566
5-Apr-12,3.736
6-Apr-12,3.7236
9-Apr-12,3.5581
10-Apr-12,3.4208
11-Apr-12,3.5613
12-Apr-12,3.6452
13-Apr-12,3.5972
16-Apr-12,3.6021
17-Apr-12,3.7253
18-Apr-12,3.7099
19-Apr-12,3.6724
20-Apr-12,3.7778
23-Apr-12,3.7624
24-Apr-12,3.6177
25-Apr-12,3.5183
26-Apr-12,3.5402
27-Apr-12,3.5851
30-Apr-12,3.7427
1-May-12,3.7427
2-May-12,3.594
3-May-12,3.5418
4-May-12,3.2497
7-May-12,2.9395
8-May-12,3.122
9-May-12,3.3017
10-May-12,3.0603
11-May-12,3.2195
14-May-12,3.1679
15-May-12,3.0832
16-May-12,3.0979
17-May-12,2.9514
18-May-12,3.0952
21-May-12,3.2006
22-May-12,3.5082
23-May-12,3.3073
24-May-12,3.5792
25-May-12,3.4018
28-May-12,3.3024
29-May-12,3.1948
30-May-12,3.105
31-May-12,3.4402
1-Jun-12,3.5588
4-Jun-12,4.0582
5-Jun-12,3.9027
6-Jun-12,3.8876
7-Jun-12,3.9102
8-Jun-12,3.5257
11-Jun-12,3.736
12-Jun-12,3.4796
13-Jun-12,3.4778
14-Jun-12,3.4706
15-Jun-12,3.585
18-Jun-12,3.483
19-Jun-12,3.3842
20-Jun-12,3.4904
21-Jun-12,3.4825
22-Jun-12,3.404
25-Jun-12,3.2842
26-Jun-12,3.4751
27-Jun-12,3.6667
28-Jun-12,3.724
29-Jun-12,3.7705
2-Jul-12,3.5917
3-Jul-12,3.5951
4-Jul-12,3.6853
5-Jul-12,3.6104
6-Jul-12,3.6491
9-Jul-12,3.6974
10-Jul-12,3.6987
11-Jul-12,3.5266
12-Jul-12,3.5706
13-Jul-12,3.6436
16-Jul-12,3.589
17-Jul-12,3.8149
18-Jul-12,3.5108
19-Jul-12,3.3671
20-Jul-12,3.2817
23-Jul-12,3.2091
24-Jul-12,3.2267
25-Jul-12,3.1287
26-Jul-12,3.1706
27-Jul-12,3.4269
30-Jul-12,3.4646
31-Jul-12,3.2897
1-Aug-12,3.2389
2-Aug-12,3.1985
3-Aug-12,3.3024
6-Aug-12,3.2574
7-Aug-12,3.1194
8-Aug-12,3.1878
9-Aug-12,3.2997
10-Aug-12,3.4837
13-Aug-12,3.4328
14-Aug-12,3.344
15-Aug-12,3.1658
16-Aug-12,3.3228
17-Aug-12,3.2197
20-Aug-12,3.3683
21-Aug-12,3.3108
22-Aug-12,3.4229
23-Aug-12,3.4728
24-Aug-12,3.2995
27-Aug-12,3.3005
28-Aug-12,3.2077
29-Aug-12,3.2471
30-Aug-12,3.0679
31-Aug-12,3.0268
3-Sep-12,3.0162
4-Sep-12,3.027
5-Sep-12,3.0429
6-Sep-12,3.035
7-Sep-12,3.0477
10-Sep-12,3.1555
11-Sep-12,3.1046
12-Sep-12,3.0462
13-Sep-12,3.2419
14-Sep-12,3.1785
17-Sep-12,3.238
18-Sep-12,3.1938
19-Sep-12,3.2472
20-Sep-12,3.2468
21-Sep-12,3.2727
24-Sep-12,3.2566
25-Sep-12,3.2494
26-Sep-12,3.2029
27-Sep-12,3.1362
28-Sep-12,2.9199
1-Oct-12,2.9118
2-Oct-12,2.9411
3-Oct-12,2.9755
4-Oct-12,2.973
5-Oct-12,2.7968
8-Oct-12,2.8237
9-Oct-12,2.788
10-Oct-12,2.8344
11-Oct-12,2.8131
12-Oct-12,2.8286
15-Oct-12,2.8427
16-Oct-12,2.6863
17-Oct-12,2.7717
18-Oct-12,2.7334
19-Oct-12,2.8936
22-Oct-12,2.7532
23-Oct-12,2.7306
24-Oct-12,2.6633
25-Oct-12,2.6763
26-Oct-12,2.487
29-Oct-12,2.484
30-Oct-12,2.5554
31-Oct-12,2.5037
1-Nov-12,2.5327
2-Nov-12,2.4902
5-Nov-12,2.5097
6-Nov-12,2.6189
7-Nov-12,2.6322
8-Nov-12,2.7761
9-Nov-12,2.7847
12-Nov-12,2.7721
13-Nov-12,2.9136
14-Nov-12,2.9647
15-Nov-12,2.9238
16-Nov-12,2.9479
19-Nov-12,2.9706
20-Nov-12,2.9167
21-Nov-12,2.9125
22-Nov-12,2.9305
23-Nov-12,2.8748
26-Nov-12,2.8643
27-Nov-12,2.9004
28-Nov-12,2.9359
29-Nov-12,2.9403
30-Nov-12,3.0227
3-Dec-12,2.9767
4-Dec-12,2.8794
5-Dec-12,2.8921
6-Dec-12,2.8301
7-Dec-12,2.9262
10-Dec-12,2.9263
11-Dec-12,3.0886
12-Dec-12,3.0559
13-Dec-12,2.9284
14-Dec-12,2.9425
17-Dec-12,2.9311
18-Dec-12,2.9173
19-Dec-12,2.983
20-Dec-12,3.0636
21-Dec-12,3.0651
24-Dec-12,3.117
25-Dec-12,3.1136
26-Dec-12,3.0565
27-Dec-12,3.0755
28-Dec-12,2.9264
31-Dec-12,2.9426
1-Jan-13,2.941
2-Jan-13,2.8418
3-Jan-13,2.7996
4-Jan-13,2.7738
7-Jan-13,2.8436
8-Jan-13,3.0245
9-Jan-13,2.9863
10-Jan-13,3.0041
11-Jan-13,2.9291
14-Jan-13,2.9834
15-Jan-13,3.017
16-Jan-13,2.9089
17-Jan-13,3.0975
18-Jan-13,3.2265
21-Jan-13,3.1893
22-Jan-13,3.2456
23-Jan-13,3.2488
24-Jan-13,3.3598
25-Jan-13,3.325
28-Jan-13,3.2337
29-Jan-13,3.2608
30-Jan-13,3.277
31-Jan-13,3.3474
1-Feb-13,3.2506
4-Feb-13,3.2676
5-Feb-13,3.4759
6-Feb-13,3.484
7-Feb-13,3.563
8-Feb-13,3.5509
11-Feb-13,3.5595
12-Feb-13,3.5728
13-Feb-13,3.5393
14-Feb-13,3.4317
15-Feb-13,3.2766
18-Feb-13,3.2639
19-Feb-13,3.2688
20-Feb-13,3.1851
21-Feb-13,3.247
22-Feb-13,3.2048
25-Feb-13,3.2146
26-Feb-13,3.2183
27-Feb-13,3.3121
28-Feb-13,3.3102
1-Mar-13,3.2332
4-Mar-13,3.2087
5-Mar-13,3.0336
6-Mar-13,2.9296
7-Mar-13,3.1015
8-Mar-13,3.0718
11-Mar-13,3.0515
12-Mar-13,3.2335
13-Mar-13,3.3597
14-Mar-13,3.2967
15-Mar-13,3.1883
18-Mar-13,3.2092
19-Mar-13,3.168
20-Mar-13,3.1245
21-Mar-13,3.1478
22-Mar-13,3.2599
25-Mar-13,3.1465
26-Mar-13,3.258
27-Mar-13,3.2982
28-Mar-13,3.5304
29-Mar-13,3.5402
1-Apr-13,3.5364
2-Apr-13,3.4571
3-Apr-13,3.4078
4-Apr-13,3.4186
5-Apr-13,3.2117
8-Apr-13,3.296
9-Apr-13,3.2445
10-Apr-13,3.2436
11-Apr-13,3.2996
12-Apr-13,3.3494
15-Apr-13,3.2741
16-Apr-13,3.389
17-Apr-13,3.4156
18-Apr-13,3.5414
19-Apr-13,3.4307
22-Apr-13,3.4442
23-Apr-13,3.469
24-Apr-13,3.5551
25-Apr-13,3.4873
26-Apr-13,3.4789
29-Apr-13,3.5825
30-Apr-13,3.6016
1-May-13,3.6125
2-May-13,3.4763
3-May-13,3.4253
6-May-13,3.3505
7-May-13,3.3863
8-May-13,3.4274
9-May-13,3.6106
10-May-13,3.7675
13-May-13,3.678
14-May-13,3.816
15-May-13,3.7221
16-May-13,3.6138
17-May-13,3.6326
20-May-13,3.6744
21-May-13,3.6949
22-May-13,3.6891
23-May-13,3.5821
24-May-13,3.5794
27-May-13,3.612
28-May-13,3.7895
29-May-13,3.4556
30-May-13,3.306
31-May-13,3.4261
3-Jun-13,3.4268
4-Jun-13,3.5276
5-Jun-13,3.1379
6-Jun-13,3.1189
7-Jun-13,3.0501
10-Jun-13,3.203
11-Jun-13,3.2606
12-Jun-13,3.5715
13-Jun-13,3.513
14-Jun-13,3.4876
17-Jun-13,3.6007
18-Jun-13,3.6733
19-Jun-13,3.848
20-Jun-13,3.6873
21-Jun-13,3.4273
24-Jun-13,2.8811
25-Jun-13,2.684
26-Jun-13,2.7885
27-Jun-13,2.9702
28-Jun-13,3.3136
1-Jul-13,3.2028
2-Jul-13,2.933
3-Jul-13,3.1461
4-Jul-13,3.3875
5-Jul-13,3.1876
8-Jul-13,3.3658
9-Jul-13,3.4624
10-Jul-13,3.3068
11-Jul-13,3.3454
12-Jul-13,3.3013
15-Jul-13,3.2473
16-Jul-13,3.2243
17-Jul-13,3.1351
18-Jul-13,2.9423
19-Jul-13,2.7654
22-Jul-13,2.8863
23-Jul-13,2.7691
24-Jul-13,2.6871
25-Jul-13,2.8322
26-Jul-13,2.8674
29-Jul-13,2.9331
30-Jul-13,2.903
31-Jul-13,2.8464
1-Aug-13,2.9831
2-Aug-13,2.956
5-Aug-13,3.0303
6-Aug-13,3.1712
7-Aug-13,3.2595
8-Aug-13,3.3208
9-Aug-13,3.241
12-Aug-13,3.4234
13-Aug-13,3.5071
14-Aug-13,3.5299
15-Aug-13,3.5343
16-Aug-13,3.5013
19-Aug-13,3.4902
20-Aug-13,3.4516
21-Aug-13,3.7512
22-Aug-13,3.8107
23-Aug-13,3.4989
26-Aug-13,3.5473
27-Aug-13,3.5777
28-Aug-13,3.5466
29-Aug-13,3.8069
30-Aug-13,3.9446
2-Sep-13,3.9179
3-Sep-13,3.9305
4-Sep-13,3.972
5-Sep-13,3.9701
6-Sep-13,3.9559
9-Sep-13,3.8376
10-Sep-13,3.8305
11-Sep-13,3.9071
12-Sep-13,4.0248
13-Sep-13,4.0318
16-Sep-13,4.0227
17-Sep-13,3.8876
18-Sep-13,3.5756
19-Sep-13,3.6773
20-Sep-13,3.6905
23-Sep-13,3.6638
24-Sep-13,3.7078
25-Sep-13,3.766
26-Sep-13,3.8781
27-Sep-13,3.8526
30-Sep-13,3.7514
1-Oct-13,3.8234
2-Oct-13,3.8431
3-Oct-13,3.8456
4-Oct-13,3.8356
7-Oct-13,3.8255
8-Oct-13,3.788
9-Oct-13,3.6667
10-Oct-13,3.6702
11-Oct-13,3.7435
14-Oct-13,3.7982
15-Oct-13,3.7924
16-Oct-13,3.9094
17-Oct-13,3.9648
18-Oct-13,4.0489
21-Oct-13,4.1478
22-Oct-13,4.2474
23-Oct-13,3.9535
24-Oct-13,3.897
25-Oct-13,4.016
28-Oct-13,3.8663
29-Oct-13,3.9808
30-Oct-13,4.0139
31-Oct-13,3.9212
1-Nov-13,3.8827
4-Nov-13,4.0515
5-Nov-13,4.2082
6-Nov-13,4.3405
7-Nov-13,4.5067
8-Nov-13,4.4107
11-Nov-13,4.4345
12-Nov-13,4.2674
13-Nov-13,4.2674
14-Nov-13,4.2419
15-Nov-13,4.2822
18-Nov-13,4.1235
19-Nov-13,4.3487
20-Nov-13,4.3054
21-Nov-13,4.4622
22-Nov-13,4.5029
25-Nov-13,4.6482
26-Nov-13,4.5924
27-Nov-13,4.5898
28-Nov-13,4.6715
29-Nov-13,4.7814
2-Dec-13,5.0049
3-Dec-13,5.1112
4-Dec-13,5.0694
5-Dec-13,4.761
6-Dec-13,4.6817
9-Dec-13,4.7911
10-Dec-13,4.6526
11-Dec-13,4.6842
12-Dec-13,4.6532
13-Dec-13,4.6884
16-Dec-13,4.6361
17-Dec-13,4.6693
18-Dec-13,4.6863
19-Dec-13,4.8948
20-Dec-13,5.1339
23-Dec-13,5.146
24-Dec-13,5.1389
25-Dec-13,5.1495
26-Dec-13,5.1589
27-Dec-13,4.9584
30-Dec-13,5.0716
31-Dec-13,5.076
1-Jan-14,5.0744
2-Jan-14,5.0684
3-Jan-14,4.9696
6-Jan-14,5.0886
7-Jan-14,5.1425
8-Jan-14,5.4266
9-Jan-14,5.3667
10-Jan-14,5.2791
13-Jan-14,5.1729
14-Jan-14,5.1143
15-Jan-14,5.1641
16-Jan-14,4.9868
17-Jan-14,4.9161
20-Jan-14,5.0179
21-Jan-14,5.1743
22-Jan-14,5.0621
23-Jan-14,5.197
24-Jan-14,4.9449
27-Jan-14,5.1236
28-Jan-14,5.2269
29-Jan-14,5.2567
30-Jan-14,5.116
31-Jan-14,5.1709
3-Feb-14,5.1724
4-Feb-14,5.0641
5-Feb-14,5.0963
6-Feb-14,5.2039
7-Feb-14,5.2079
10-Feb-14,5.2037
11-Feb-14,5.2328
12-Feb-14,5.3696
13-Feb-14,5.226
14-Feb-14,5.2891
17-Feb-14,5.2105
18-Feb-14,5.3184
19-Feb-14,5.3064
20-Feb-14,4.9888
21-Feb-14,5.0487
24-Feb-14,4.9064
25-Feb-14,4.8718
26-Feb-14,4.7784
27-Feb-14,4.6716
28-Feb-14,4.8554
3-Mar-14,4.7888
4-Mar-14,4.7817
5-Mar-14,4.9045
6-Mar-14,5.0176
7-Mar-14,4.9593
10-Mar-14,4.9925
11-Mar-14,5.0537
12-Mar-14,4.8683
13-Mar-14,4.9187
14-Mar-14,4.992
17-Mar-14,5.0578
18-Mar-14,5.2106
19-Mar-14,5.4039
20-Mar-14,5.6147
21-Mar-14,5.5752
24-Mar-14,5.5236
25-Mar-14,5.3331
26-Mar-14,5.297
27-Mar-14,5.0402
28-Mar-14,5.0234
31-Mar-14,5.1058
1-Apr-14,5.063
2-Apr-14,4.9835
3-Apr-14,5.0068
4-Apr-14,5.066
7-Apr-14,4.9104
8-Apr-14,4.8823
9-Apr-14,4.8508
10-Apr-14,4.8396
11-Apr-14,4.871
14-Apr-14,4.9397
15-Apr-14,4.8988
16-Apr-14,5.0416
17-Apr-14,4.9608
18-Apr-14,4.9704
21-Apr-14,4.8905
22-Apr-14,4.7635
23-Apr-14,4.7641
24-Apr-14,4.6697
25-Apr-14,4.8248
28-Apr-14,4.5898
29-Apr-14,4.765
30-Apr-14,4.8348
1-May-14,4.8676
2-May-14,4.7141
5-May-14,4.8029
6-May-14,4.6122
7-May-14,4.5997
8-May-14,4.7566
9-May-14,4.693
12-May-14,4.6618
13-May-14,4.7343
14-May-14,4.5977
15-May-14,4.6835
16-May-14,4.5925
19-May-14,4.6343
20-May-14,4.5197
21-May-14,4.4525
22-May-14,4.6185
23-May-14,4.6202
26-May-14,4.5233
27-May-14,4.62
28-May-14,4.5774
29-May-14,4.4355
30-May-14,4.3204
2-Jun-14,4.4738
3-Jun-14,4.4714
4-Jun-14,4.4929
5-Jun-14,4.4272
6-Jun-14,4.3788
9-Jun-14,4.4238
10-Jun-14,4.3083
11-Jun-14,4.1564
12-Jun-14,4.2323
13-Jun-14,4.0795
16-Jun-14,4.2297
17-Jun-14,4.2031
18-Jun-14,4.0753
19-Jun-14,4.164
20-Jun-14,4.2208
23-Jun-14,4.305
24-Jun-14,4.1994
25-Jun-14,4.1999
26-Jun-14,4.1837
27-Jun-14,4.3868
30-Jun-14,4.4439
1-Jul-14,4.1977
2-Jul-14,4.1744
3-Jul-14,4.2004
4-Jul-14,4.2578
7-Jul-14,4.2293
8-Jul-14,4.2769
9-Jul-14,4.2591
10-Jul-14,4.3423
11-Jul-14,4.3063
14-Jul-14,4.2304
15-Jul-14,4.2457
16-Jul-14,4.2203
17-Jul-14,4.1594
18-Jul-14,4.0075
21-Jul-14,3.8913
22-Jul-14,3.7628
23-Jul-14,3.8196
24-Jul-14,3.7779
25-Jul-14,3.8093
28-Jul-14,3.8111
29-Jul-14,3.8832
30-Jul-14,3.9032
31-Jul-14,4.0614
1-Aug-14,4.2903
4-Aug-14,4.0307
5-Aug-14,4.1318
6-Aug-14,3.8831
7-Aug-14,3.9568
8-Aug-14,3.9322
11-Aug-14,3.885
12-Aug-14,3.824
13-Aug-14,3.9239
14-Aug-14,3.9111
15-Aug-14,3.6347
18-Aug-14,3.5452
19-Aug-14,3.5171
20-Aug-14,3.5686
21-Aug-14,3.7709
22-Aug-14,3.5464
25-Aug-14,3.418
26-Aug-14,3.3596
27-Aug-14,3.1339
28-Aug-14,2.8942
29-Aug-14,2.8071
1-Sep-14,2.6102
2-Sep-14,2.4055
3-Sep-14,2.7156
4-Sep-14,2.6802
5-Sep-14,2.7333
8-Sep-14,2.8507
9-Sep-14,3.0298
10-Sep-14,2.9787
11-Sep-14,2.8426
12-Sep-14,3.1355
15-Sep-14,3.0115
16-Sep-14,2.8389
17-Sep-14,2.8743
18-Sep-14,2.857
19-Sep-14,2.89
22-Sep-14,3.3535
23-Sep-14,3.4026
24-Sep-14,3.1566
25-Sep-14,3.3249
26-Sep-14,3.1339
29-Sep-14,3.7697
30-Sep-14,3.6972
1-Oct-14,3.876
2-Oct-14,3.8528
3-Oct-14,3.4334
6-Oct-14,3.0256
7-Oct-14,2.7055
8-Oct-14,2.7263
9-Oct-14,2.6196
10-Oct-14,2.4395
13-Oct-14,2.1595
14-Oct-14,2.191
15-Oct-14,2.6192
16-Oct-14,2.7492
17-Oct-14,2.5058
20-Oct-14,2.6892
21-Oct-14,3.1799
22-Oct-14,3.3226
23-Oct-14,3.4208
24-Oct-14,3.3613
27-Oct-14,3.9071
28-Oct-14,3.5479
29-Oct-14,3.7711
30-Oct-14,3.4584
31-Oct-14,3.3513
3-Nov-14,3.4016
4-Nov-14,3.6049
5-Nov-14,3.5176
6-Nov-14,3.8982
7-Nov-14,3.8397
10-Nov-14,4.0336
11-Nov-14,4.0146
12-Nov-14,4.156
13-Nov-14,4.1013
14-Nov-14,4.2281
17-Nov-14,4.2345
18-Nov-14,4.233
19-Nov-14,3.9792
20-Nov-14,3.9737
21-Nov-14,3.4229
24-Nov-14,3.2493
25-Nov-14,3.225
26-Nov-14,3.1469
27-Nov-14,3.004
28-Nov-14,2.8748
1-Dec-14,2.8931
2-Dec-14,2.8481
3-Dec-14,2.9612
4-Dec-14,2.8925
5-Dec-14,2.8045
8-Dec-14,2.91
9-Dec-14,3.1463
10-Dec-14,3.5153
11-Dec-14,3.6138
12-Dec-14,3.4103
15-Dec-14,3.3345
16-Dec-14,3.4075
17-Dec-14,3.4545
18-Dec-14,5.0158
19-Dec-14,3.6629
22-Dec-14,3.4405
23-Dec-14,3.6256
24-Dec-14,3.6496
25-Dec-14,2.9589
26-Dec-14,3.2388
29-Dec-14,3.6212
30-Dec-14,3.8885
31-Dec-14,3.6649
1-Jan-15,3.3745
2-Jan-15,3.1442
5-Jan-15,3.3417
6-Jan-15,3.9189
7-Jan-15,3.6707
8-Jan-15,3.6405
9-Jan-15,3.6106
12-Jan-15,3.7058
13-Jan-15,3.4228
14-Jan-15,3.652
15-Jan-15,2.8796
16-Jan-15,2.74
19-Jan-15,2.8271
20-Jan-15,2.8567
21-Jan-15,2.885
22-Jan-15,3.0346
23-Jan-15,2.6855
26-Jan-15,3.0223
27-Jan-15,2.7499
28-Jan-15,2.9165
29-Jan-15,3.1412
30-Jan-15,2.9344
2-Feb-15,3.2157
3-Feb-15,3.1491
4-Feb-15,3.4278
5-Feb-15,3.44
6-Feb-15,3.6825
9-Feb-15,3.6968
10-Feb-15,3.6898
11-Feb-15,3.667
12-Feb-15,3.5861
13-Feb-15,3.7025
16-Feb-15,3.5627
17-Feb-15,3.4896
18-Feb-15,3.6828
19-Feb-15,3.8492
20-Feb-15,3.8469
23-Feb-15,3.6094
24-Feb-15,3.7735
25-Feb-15,3.8782
26-Feb-15,3.6469
27-Feb-15,3.589
2-Mar-15,3.5698
3-Mar-15,3.665
4-Mar-15,3.8161
5-Mar-15,3.8992
6-Mar-15,4.0036
9-Mar-15,4.3839
10-Mar-15,4.1308
11-Mar-15,4.1484
12-Mar-15,4.4246
13-Mar-15,4.3978
16-Mar-15,4.3617
17-Mar-15,4.2728
18-Mar-15,4.3022
19-Mar-15,4.4401
20-Mar-15,4.6875
23-Mar-15,4.4826
24-Mar-15,4.5575
25-Mar-15,4.4565
26-Mar-15,4.4435
27-Mar-15,4.4591
30-Mar-15,4.3386
31-Mar-15,4.4395
1-Apr-15,4.2398
2-Apr-15,4.4016
3-Apr-15,4.1171
6-Apr-15,4.0661
7-Apr-15,4.4018
8-Apr-15,4.1897
9-Apr-15,4.3731
10-Apr-15,3.687
13-Apr-15,4.0977
14-Apr-15,4.0091
15-Apr-15,3.9026
16-Apr-15,4.1021
17-Apr-15,3.9526
20-Apr-15,3.9119
21-Apr-15,3.9216
22-Apr-15,3.8011
23-Apr-15,3.8534
24-Apr-15,3.9195
27-Apr-15,3.9621
28-Apr-15,3.9892
29-Apr-15,4.0822
30-Apr-15,4.0469
1-May-15,4.1415
4-May-15,4.2035
5-May-15,4.1586
6-May-15,4.0847
7-May-15,4.1355
8-May-15,3.9421
11-May-15,3.7512
12-May-15,3.8681
13-May-15,3.7921
14-May-15,3.6386
15-May-15,3.6374
18-May-15,3.6802
19-May-15,3.6616
20-May-15,3.517
21-May-15,3.4765
22-May-15,3.2791
25-May-15,3.3681
26-May-15,3.4809
27-May-15,3.5484
28-May-15,3.2911
29-May-15,3.3962
1-Jun-15,3.4488
2-Jun-15,3.4565
3-Jun-15,3.4476
4-Jun-15,3.3573
5-Jun-15,3.5254
8-Jun-15,3.3465
9-Jun-15,3.2908
10-Jun-15,3.4966
11-Jun-15,3.5058
12-Jun-15,3.7537
15-Jun-15,3.6016
16-Jun-15,3.5934
17-Jun-15,3.5118
18-Jun-15,3.4695
19-Jun-15,3.4622
22-Jun-15,3.3747
23-Jun-15,3.4315
24-Jun-15,3.3694
25-Jun-15,3.4809
26-Jun-15,3.2593
29-Jun-15,3.3774
30-Jun-15,3.433
1-Jul-15,3.3506
2-Jul-15,3.3481
3-Jul-15,3.3559
6-Jul-15,3.4808
7-Jul-15,3.4318
8-Jul-15,3.499
9-Jul-15,3.6174
10-Jul-15,3.5507
13-Jul-15,3.567
14-Jul-15,3.6143
15-Jul-15,3.5507
16-Jul-15,3.6405
17-Jul-15,3.7125
20-Jul-15,3.6297
21-Jul-15,3.4188
22-Jul-15,3.6857
23-Jul-15,4.2449
24-Jul-15,4.3466
27-Jul-15,4.227
28-Jul-15,4.2092
29-Jul-15,4.497
30-Jul-15,4.3038
31-Jul-15,4.4032
3-Aug-15,4.7696
4-Aug-15,4.4372
5-Aug-15,4.6285
6-Aug-15,5.0163
7-Aug-15,5.0336
10-Aug-15,4.9314
11-Aug-15,5.0059
12-Aug-15,4.849
13-Aug-15,4.7847
14-Aug-15,4.8294
17-Aug-15,4.9517
18-Aug-15,4.929
19-Aug-15,5.0084
20-Aug-15,5.1061
21-Aug-15,5.1908
24-Aug-15,5.2775
25-Aug-15,5.3096
26-Aug-15,4.9491
27-Aug-15,5.1011
28-Aug-15,4.9339
31-Aug-15,5.2912
1-Sep-15,5.4196
2-Sep-15,5.5359
3-Sep-15,5.5458
4-Sep-15,5.9116
7-Sep-15,5.8822
8-Sep-15,5.4918
9-Sep-15,5.6143
10-Sep-15,5.9591
11-Sep-15,5.8872
14-Sep-15,5.776
15-Sep-15,5.6734
16-Sep-15,5.7331
17-Sep-15,5.9185
18-Sep-15,6.6122
21-Sep-15,6.561
22-Sep-15,6.8747
23-Sep-15,7.4052
24-Sep-15,6.567
25-Sep-15,6.3914
28-Sep-15,6.8291
29-Sep-15,6.5535
30-Sep-15,6.1132
1-Oct-15,6.2711
2-Oct-15,6.0322
5-Oct-15,6.2109
6-Oct-15,6.3071
7-Oct-15,6.6191
8-Oct-15,6.4135
9-Oct-15,6.6879
12-Oct-15,6.6838
13-Oct-15,6.8541
14-Oct-15,6.9389
15-Oct-15,6.8683
16-Oct-15,6.9692
19-Oct-15,6.9708
20-Oct-15,6.9241
21-Oct-15,6.8946
22-Oct-15,7.0045
23-Oct-15,7.1558
26-Oct-15,7.1652
27-Oct-15,6.9008
28-Oct-15,7.1555
29-Oct-15,7.1072
30-Oct-15,7.2311
2-Nov-15,7.2177
3-Nov-15,7.0641
4-Nov-15,6.8782
5-Nov-15,6.857
6-Nov-15,6.9142
9-Nov-15,6.8825
10-Nov-15,6.8921
11-Nov-15,6.7863
12-Nov-15,6.673
13-Nov-15,6.6991
16-Nov-15,6.6179
17-Nov-15,6.7443
18-Nov-15,6.6454
19-Nov-15,6.4996
20-Nov-15,6.4929
23-Nov-15,6.4237
24-Nov-15,6.4421
25-Nov-15,6.6925
26-Nov-15,6.769
27-Nov-15,6.7638
30-Nov-15,6.9722
1-Dec-15,6.8698
2-Dec-15,6.7411
3-Dec-15,6.7571
4-Dec-15,6.665
7-Dec-15,6.7668
8-Dec-15,6.6039
9-Dec-15,6.5456
10-Dec-15,6.5208
11-Dec-15,6.6352
14-Dec-15,6.6334
15-Dec-15,6.8751
16-Dec-15,6.782
17-Dec-15,6.8362
18-Dec-15,6.893
21-Dec-15,7.1224
22-Dec-15,7.1775
23-Dec-15,7.1641
24-Dec-15,7.1119
25-Dec-15,7.1652
28-Dec-15,7.2124
29-Dec-15,7.1585
30-Dec-15,7.2736
31-Dec-15,7.3567
1-Jan-16,7.3466
4-Jan-16,7.2859
5-Jan-16,6.7514
6-Jan-16,6.6662
7-Jan-16,6.9859
8-Jan-16,6.9696
11-Jan-16,7.0134
12-Jan-16,6.9495
13-Jan-16,6.9938
14-Jan-16,7.0134
15-Jan-16,6.9955
18-Jan-16,6.8929
19-Jan-16,7.1424
20-Jan-16,7.054
21-Jan-16,7.2728
22-Jan-16,7.7461
25-Jan-16,7.7113
26-Jan-16,7.6792
27-Jan-16,7.8059
28-Jan-16,7.683
29-Jan-16,7.4748
1-Feb-16,7.3618
2-Feb-16,7.4566
3-Feb-16,7.2655
4-Feb-16,7.6099
5-Feb-16,7.6758
8-Feb-16,7.4706
9-Feb-16,7.5022
10-Feb-16,7.6861
11-Feb-16,7.4632
12-Feb-16,7.544
15-Feb-16,7.4976
16-Feb-16,7.8315
17-Feb-16,7.3848
18-Feb-16,7.7314
19-Feb-16,7.4849
22-Feb-16,7.1699
23-Feb-16,7.3373
24-Feb-16,7.4871
25-Feb-16,7.6526
26-Feb-16,7.7552
29-Feb-16,7.9691
1-Mar-16,7.5755
2-Mar-16,7.446
3-Mar-16,7.0276
4-Mar-16,6.5218
7-Mar-16,6.9437
8-Mar-16,6.7007
9-Mar-16,6.5239
10-Mar-16,6.0774
11-Mar-16,6.4101
14-Mar-16,6.3714
15-Mar-16,6.8098
16-Mar-16,6.9076
17-Mar-16,6.4216
18-Mar-16,6.3887
21-Mar-16,6.3544
22-Mar-16,6.0958
23-Mar-16,6.4437
24-Mar-16,6.5969
25-Mar-16,6.6041
28-Mar-16,6.3076
29-Mar-16,5.9559
30-Mar-16,6.1186
31-Mar-16,6.3764
1-Apr-16,6.1123
4-Apr-16,6.471
5-Apr-16,6.4376
6-Apr-16,6.5944
7-Apr-16,6.5168
8-Apr-16,6.2615
11-Apr-16,6.104
12-Apr-16,5.9445
13-Apr-16,5.5578
14-Apr-16,5.4856
15-Apr-16,5.3546
18-Apr-16,5.4522
19-Apr-16,5.4532
20-Apr-16,5.4428
21-Apr-16,5.4082
22-Apr-16,5.4079
25-Apr-16,5.1592
26-Apr-16,5.1061
27-Apr-16,4.8757
28-Apr-16,5.2119
29-Apr-16,4.8827
2-May-16,4.7758
3-May-16,4.7379
4-May-16,4.9875
5-May-16,4.8561
6-May-16,4.9268
9-May-16,5.0726
10-May-16,4.7224
11-May-16,4.6861
12-May-16,4.5545
13-May-16,4.6153
16-May-16,4.6794
17-May-16,4.8085
18-May-16,5.1365
19-May-16,4.9955
20-May-16,4.8133
23-May-16,5.1365
24-May-16,5.0371
25-May-16,5.2408
26-May-16,5.2783
27-May-16,5.3773
30-May-16,5.2148
31-May-16,5.3619
1-Jun-16,5.2911
2-Jun-16,5.165
3-Jun-16,5.0796
6-Jun-16,4.9235
7-Jun-16,5.0287
8-Jun-16,5.0236
9-Jun-16,5.0112
10-Jun-16,5.1833
13-Jun-16,5.2586
14-Jun-16,5.3171
15-Jun-16,5.3929
16-Jun-16,5.4455
17-Jun-16,5.3716
20-Jun-16,5.3328
21-Jun-16,5.179
22-Jun-16,5.1386
23-Jun-16,4.996
24-Jun-16,4.9712
27-Jun-16,4.8572
28-Jun-16,4.7331
29-Jun-16,4.9331
30-Jun-16,4.8423
1-Jul-16,4.9888
4-Jul-16,4.8193
5-Jul-16,4.968
6-Jul-16,5.0073
7-Jul-16,5.0034
8-Jul-16,4.8459
11-Jul-16,4.8178
12-Jul-16,4.9389
13-Jul-16,4.8189
14-Jul-16,4.7396
15-Jul-16,4.6517
18-Jul-16,4.5649
19-Jul-16,4.6587
20-Jul-16,4.4979
21-Jul-16,4.6199
22-Jul-16,4.7443
25-Jul-16,4.7998
26-Jul-16,4.7959
27-Jul-16,4.7098
28-Jul-16,4.6742
29-Jul-16,4.6456
1-Aug-16,4.6212
2-Aug-16,4.7169
3-Aug-16,4.7212
4-Aug-16,4.7113
5-Aug-16,4.6649
8-Aug-16,4.7759
9-Aug-16,4.7267
10-Aug-16,4.7391
11-Aug-16,4.8127
12-Aug-16,4.894
15-Aug-16,4.8005
16-Aug-16,4.7366
17-Aug-16,4.8086
18-Aug-16,4.9301
19-Aug-16,4.8731
22-Aug-16,4.8654
23-Aug-16,4.9657
24-Aug-16,4.9783
25-Aug-16,4.9312
26-Aug-16,5.207
29-Aug-16,4.9762
30-Aug-16,5.074
31-Aug-16,5.006
1-Sep-16,5.0301
2-Sep-16,4.9192
5-Sep-16,5.0249
6-Sep-16,5.1693
7-Sep-16,5.2052
8-Sep-16,5.2002
9-Sep-16,5.2973
12-Sep-16,5.286
13-Sep-16,5.4478
14-Sep-16,5.4823
15-Sep-16,5.3308
16-Sep-16,5.1696
19-Sep-16,5.163
20-Sep-16,5.1989
21-Sep-16,4.9645
22-Sep-16,4.8563
23-Sep-16,4.8484
26-Sep-16,4.9161
27-Sep-16,4.7845
28-Sep-16,4.5957
29-Sep-16,4.6739
30-Sep-16,4.5423
3-Oct-16,4.4443
4-Oct-16,4.607
5-Oct-16,4.4627
6-Oct-16,4.474
7-Oct-16,4.4617
10-Oct-16,4.2979
11-Oct-16,4.3072
12-Oct-16,4.2558
13-Oct-16,4.3494
14-Oct-16,4.4027
17-Oct-16,4.3033
18-Oct-16,4.2245
19-Oct-16,3.9682
20-Oct-16,3.8701
21-Oct-16,3.9977
24-Oct-16,3.7964
25-Oct-16,3.8487
26-Oct-16,3.9847
27-Oct-16,4.0405
28-Oct-16,4.0844
31-Oct-16,4.0745
1-Nov-16,4.1934
2-Nov-16,4.2549
3-Nov-16,4.348
4-Nov-16,4.227
7-Nov-16,4.1154
8-Nov-16,4.0177
9-Nov-16,4.1818
10-Nov-16,4.3072
11-Nov-16,4.1756
14-Nov-16,4.4874
15-Nov-16,4.6072
16-Nov-16,4.2415
17-Nov-16,4.443
18-Nov-16,4.3071
21-Nov-16,4.2086
22-Nov-16,4.1141
23-Nov-16,4.1237
24-Nov-16,4.1567
25-Nov-16,4.4145
28-Nov-16,4.3297
29-Nov-16,4.2625
30-Nov-16,4.1312
1-Dec-16,4.5295
2-Dec-16,4.6129
5-Dec-16,4.3837
6-Dec-16,4.5259
7-Dec-16,4.4367
8-Dec-16,4.2233
9-Dec-16,4.2982
12-Dec-16,4.3796
13-Dec-16,4.4144
14-Dec-16,4.361
15-Dec-16,4.4563
16-Dec-16,4.2929
19-Dec-16,4.3059
20-Dec-16,4.1044
21-Dec-16,3.973
22-Dec-16,3.8176
23-Dec-16,3.7519
26-Dec-16,3.8492
27-Dec-16,3.7069
28-Dec-16,3.6693
29-Dec-16,3.686
30-Dec-16,3.7191
2-Jan-17,3.6311
3-Jan-17,3.4479
4-Jan-17,3.732
5-Jan-17,3.7051
6-Jan-17,3.8925
9-Jan-17,3.8353
10-Jan-17,3.6385
11-Jan-17,3.7285
12-Jan-17,3.6977
13-Jan-17,3.7269
16-Jan-17,3.6638
17-Jan-17,3.6958
18-Jan-17,3.7503
19-Jan-17,3.6788
20-Jan-17,3.6451
23-Jan-17,3.5372
24-Jan-17,3.5305
25-Jan-17,3.5728
26-Jan-17,3.4985
27-Jan-17,3.3489
30-Jan-17,3.4822
31-Jan-17,3.6338
1-Feb-17,3.5344
2-Feb-17,3.4201
3-Feb-17,3.2273
6-Feb-17,3.2307
7-Feb-17,3.1449
8-Feb-17,2.9618
9-Feb-17,2.9927
10-Feb-17,3.0244
13-Feb-17,3.1556
14-Feb-17,3.1907
15-Feb-17,3.0819
16-Feb-17,3.0812
17-Feb-17,3.086
20-Feb-17,2.9852
21-Feb-17,3.0145
22-Feb-17,2.9026
23-Feb-17,2.8358
24-Feb-17,3.0333
27-Feb-17,2.9516
28-Feb-17,2.9097
1-Mar-17,2.8504
2-Mar-17,2.9892
3-Mar-17,2.9893
6-Mar-17,2.9518
7-Mar-17,2.9683
8-Mar-17,3.0556
9-Mar-17,3.0754
10-Mar-17,3.0872
13-Mar-17,2.9335
14-Mar-17,3.0487
15-Mar-17,2.9582
16-Mar-17,2.9824
17-Mar-17,3.0415
20-Mar-17,3.0352
21-Mar-17,3.0378
22-Mar-17,3.1913
23-Mar-17,3.2762
24-Mar-17,3.0714
27-Mar-17,2.9929
28-Mar-17,3.0233
29-Mar-17,3.0036
30-Mar-17,3.0571
31-Mar-17,2.9879
3-Apr-17,2.7966
4-Apr-17,2.8298
5-Apr-17,2.7848
6-Apr-17,2.8433
7-Apr-17,2.8445
10-Apr-17,2.7597
11-Apr-17,2.7952
12-Apr-17,2.9089
13-Apr-17,3.0172
14-Apr-17,3.026
17-Apr-17,3.0147
18-Apr-17,2.9918
19-Apr-17,3.0237
20-Apr-17,3.0994
21-Apr-17,3.1191
24-Apr-17,3.1095
25-Apr-17,3.3101
26-Apr-17,3.2969
27-Apr-17,3.3542
28-Apr-17,3.3114
1-May-17,3.3219
2-May-17,3.1836
3-May-17,3.2001
4-May-17,3.1991
5-May-17,3.1025
8-May-17,3.1033
9-May-17,3.0497
10-May-17,3.0494
11-May-17,3.0454
12-May-17,3.0368
15-May-17,3.0937
16-May-17,2.9585
17-May-17,2.992
18-May-17,4.6957
19-May-17,4.5735
22-May-17,4.881
23-May-17,4.5201
24-May-17,4.0113
25-May-17,4.0079
26-May-17,4.0578
29-May-17,3.904
30-May-17,3.9136
31-May-17,3.8574
1-Jun-17,3.8896
2-Jun-17,3.9947
5-Jun-17,4.1199
6-Jun-17,4.1042
7-Jun-17,4.0635
8-Jun-17,4.1276
9-Jun-17,4.0563
12-Jun-17,3.9898
13-Jun-17,3.9733
14-Jun-17,3.9241
15-Jun-17,3.8905
16-Jun-17,3.6943
19-Jun-17,3.5531
20-Jun-17,3.6514
21-Jun-17,3.7536
22-Jun-17,3.8568
23-Jun-17,3.8716
26-Jun-17,3.8562
27-Jun-17,3.8514
28-Jun-17,3.7937
29-Jun-17,3.6803
30-Jun-17,3.5908
3-Jul-17,3.4051
4-Jul-17,3.5853
5-Jul-17,3.4755
6-Jul-17,3.4301
7-Jul-17,3.5097
10-Jul-17,3.435
11-Jul-17,3.4064
12-Jul-17,3.2328
13-Jul-17,3.2548
14-Jul-17,3.1973
17-Jul-17,3.2469
18-Jul-17,3.1587
19-Jul-17,3.104
20-Jul-17,3.0577
21-Jul-17,3.0387
24-Jul-17,3.027
25-Jul-17,3.0399
26-Jul-17,3.0108
27-Jul-17,2.9436
28-Jul-17,3.0082
31-Jul-17,2.9908
1-Aug-17,2.9832
2-Aug-17,2.834
3-Aug-17,2.7119
4-Aug-17,2.7109
7-Aug-17,2.8055
8-Aug-17,2.8787
9-Aug-17,3.0084
10-Aug-17,3.1405
11-Aug-17,3.0846
14-Aug-17,3.1118
15-Aug-17,3.1101
16-Aug-17,3.1768
17-Aug-17,3.3281
18-Aug-17,3.2259
21-Aug-17,3.3202
22-Aug-17,3.3251
23-Aug-17,3.2801
24-Aug-17,3.2511
25-Aug-17,3.311
28-Aug-17,3.2719
29-Aug-17,3.2905
30-Aug-17,3.3424
31-Aug-17,3.2289
1-Sep-17,3.26
4-Sep-17,3.2625
5-Sep-17,3.1926
6-Sep-17,3.0896
7-Sep-17,3.1396
8-Sep-17,3.011
11-Sep-17,3.1375
12-Sep-17,3.2008
13-Sep-17,3.2379
14-Sep-17,3.1522
15-Sep-17,3.175
18-Sep-17,3.1517
19-Sep-17,3.1685
20-Sep-17,3.1458
21-Sep-17,3.1052
22-Sep-17,3.1633
25-Sep-17,3.3124
26-Sep-17,3.2755
27-Sep-17,3.3641
28-Sep-17,3.1646
29-Sep-17,3.1284
2-Oct-17,3.1199
3-Oct-17,3.1739
4-Oct-17,3.1821
5-Oct-17,3.267
6-Oct-17,3.0065
9-Oct-17,3.0016
10-Oct-17,2.975
11-Oct-17,3.0654
12-Oct-17,3.0534
13-Oct-17,3.0205
16-Oct-17,3.0784
17-Oct-17,3.0197
18-Oct-17,2.9927
19-Oct-17,2.8925
20-Oct-17,2.7244
23-Oct-17,3.0142
24-Oct-17,2.9195
25-Oct-17,2.9508
26-Oct-17,2.9681
27-Oct-17,2.9125
30-Oct-17,2.9729
31-Oct-17,2.9511
1-Nov-17,3.1734
2-Nov-17,3.1551
3-Nov-17,3.3378
6-Nov-17,3.1385
7-Nov-17,3.2247
8-Nov-17,3.2997
9-Nov-17,3.2923
10-Nov-17,3.4047
13-Nov-17,3.5747
14-Nov-17,3.7307
15-Nov-17,3.7605
16-Nov-17,3.5797
17-Nov-17,3.3787
20-Nov-17,3.3562
21-Nov-17,3.2354
22-Nov-17,3.322
23-Nov-17,3.2047
24-Nov-17,3.4364
27-Nov-17,3.4427
28-Nov-17,3.4432
29-Nov-17,3.6599
30-Nov-17,3.7341
1-Dec-17,3.719
4-Dec-17,3.65
5-Dec-17,3.613
6-Dec-17,3.5287
7-Dec-17,3.6059
8-Dec-17,3.5212
11-Dec-17,3.5502
12-Dec-17,3.6661
13-Dec-17,3.609
14-Dec-17,3.7046
15-Dec-17,3.6467
18-Dec-17,3.7758
19-Dec-17,4.0689
20-Dec-17,3.944
21-Dec-17,3.7133
22-Dec-17,3.7174
25-Dec-17,3.6874
26-Dec-17,3.6203
27-Dec-17,3.6911
28-Dec-17,3.618
29-Dec-17,3.6185
1-Jan-18,3.6055
2-Jan-18,3.5247
3-Jan-18,3.5235
4-Jan-18,3.5382
5-Jan-18,3.5848
8-Jan-18,3.5141
9-Jan-18,3.5184
10-Jan-18,3.47
11-Jan-18,3.3562
12-Jan-18,3.2758
15-Jan-18,3.3225
16-Jan-18,3.2979
17-Jan-18,3.2989
18-Jan-18,3.1785
19-Jan-18,3.1951
22-Jan-18,3.2505
23-Jan-18,3.4062
24-Jan-18,3.2754
25-Jan-18,3.2741
26-Jan-18,3.1176
29-Jan-18,3.1549
30-Jan-18,3.0598
31-Jan-18,2.9644
1-Feb-18,2.7647
2-Feb-18,2.9083
5-Feb-18,2.9748
6-Feb-18,2.9098
7-Feb-18,2.9812
8-Feb-18,2.9855
9-Feb-18,3.142
12-Feb-18,3.1186
13-Feb-18,3.1608
14-Feb-18,3.0888
15-Feb-18,3.1707
16-Feb-18,3.2401
19-Feb-18,3.2481
20-Feb-18,3.156
21-Feb-18,3.1803
22-Feb-18,3.1847
23-Feb-18,3.0304
26-Feb-18,2.8117
27-Feb-18,2.8362
28-Feb-18,2.8294
1-Mar-18,2.7671
2-Mar-18,2.7828
5-Mar-18,2.7547
6-Mar-18,2.7576
7-Mar-18,2.7769
8-Mar-18,2.8208
9-Mar-18,2.8169
12-Mar-18,2.8172
13-Mar-18,2.7312
14-Mar-18,2.6674
15-Mar-18,2.6854
16-Mar-18,2.6085
19-Mar-18,2.6032
20-Mar-18,2.6266
21-Mar-18,2.5437
22-Mar-18,2.6212
23-Mar-18,2.8096
26-Mar-18,2.9038
27-Mar-18,3.02
28-Mar-18,2.9838
29-Mar-18,2.9153
30-Mar-18,2.9046
2-Apr-18,2.9089
3-Apr-18,2.962
4-Apr-18,3.1557
5-Apr-18,3.041
6-Apr-18,3.1419
9-Apr-18,3.1714
10-Apr-18,3.2253
11-Apr-18,3.2435
12-Apr-18,2.9418
13-Apr-18,3.1419
16-Apr-18,3.2159
17-Apr-18,3.0634
18-Apr-18,3.0912
19-Apr-18,3.0622
20-Apr-18,3.1277
23-Apr-18,3.3068
24-Apr-18,3.2857
25-Apr-18,3.26
26-Apr-18,3.2931
27-Apr-18,3.149
30-Apr-18,3.0744
1-May-18,3.1887
2-May-18,3.1921
3-May-18,3.1469
4-May-18,3.15
7-May-18,3.1486
8-May-18,3.2502
9-May-18,3.5077
10-May-18,3.2252
11-May-18,3.2746
14-May-18,3.3327
15-May-18,3.4261
16-May-18,3.4357
17-May-18,3.4077
18-May-18,3.8415
21-May-18,3.8553
22-May-18,3.8483
23-May-18,3.9804
24-May-18,4.2984
25-May-18,4.686
28-May-18,4.6069
29-May-18,4.946
30-May-18,5.0056
31-May-18,4.9682
1-Jun-18,5.0409
4-Jun-18,5.1698
5-Jun-18,5.8847
6-Jun-18,6.2199
7-Jun-18,6.0068
8-Jun-18,5.3977
11-Jun-18,5.2122
12-Jun-18,5.0452
13-Jun-18,5.1388
14-Jun-18,5.6904
15-Jun-18,5.2286
18-Jun-18,5.3961
19-Jun-18,5.1088
20-Jun-18,4.9951
21-Jun-18,5.199
22-Jun-18,5.279
25-Jun-18,5.1836
26-Jun-18,5.2367
27-Jun-18,5.2078
28-Jun-18,5.2769
29-Jun-18,4.9532
2-Jul-18,4.6179
3-Jul-18,4.7279
4-Jul-18,4.5864
5-Jul-18,4.6582
6-Jul-18,4.4981
9-Jul-18,4.4724
10-Jul-18,4.3844
11-Jul-18,4.4708
12-Jul-18,4.5976
13-Jul-18,4.3543
16-Jul-18,4.5221
17-Jul-18,4.4733
18-Jul-18,4.3912
19-Jul-18,4.3065
20-Jul-18,3.8067
23-Jul-18,3.8588
24-Jul-18,3.903
25-Jul-18,3.7614
26-Jul-18,3.8659
27-Jul-18,3.923
30-Jul-18,3.8942
31-Jul-18,4.0222
1-Aug-18,4.1755
2-Aug-18,4.3009
3-Aug-18,3.9897
6-Aug-18,3.9198
7-Aug-18,4.1093
8-Aug-18,4.2061
9-Aug-18,4.3989
10-Aug-18,4.6368
13-Aug-18,4.751
14-Aug-18,4.2928
15-Aug-18,4.261
16-Aug-18,4.4245
17-Aug-18,4.7139
20-Aug-18,4.7606
21-Aug-18,5.2657
22-Aug-18,5.1091
23-Aug-18,5.2204
24-Aug-18,5.0883
27-Aug-18,5.0164
28-Aug-18,5.1102
29-Aug-18,5.1743
30-Aug-18,5.389
31-Aug-18,5.1985
3-Sep-18,5.3112
4-Sep-18,5.3927
5-Sep-18,5.4159
6-Sep-18,5.2229
7-Sep-18,5.2662
10-Sep-18,5.2046
11-Sep-18,5.3661
12-Sep-18,5.1091
13-Sep-18,5.1778
14-Sep-18,5.087
17-Sep-18,5.0359
18-Sep-18,5.0258
19-Sep-18,4.9234
20-Sep-18,4.5861
21-Sep-18,4.4625
24-Sep-18,4.5989
25-Sep-18,4.6113
26-Sep-18,4.4711
27-Sep-18,4.4127
28-Sep-18,4.5512
1-Oct-18,4.3007
2-Oct-18,4.1147
3-Oct-18,3.9347
4-Oct-18,3.8807
5-Oct-18,3.8853
8-Oct-18,3.375
9-Oct-18,3.1755
10-Oct-18,3.2892
11-Oct-18,3.3362
12-Oct-18,3.4124
15-Oct-18,2.9797
16-Oct-18,2.7931
17-Oct-18,2.6083
18-Oct-18,2.7124
19-Oct-18,2.6959
22-Oct-18,2.51
23-Oct-18,2.658
24-Oct-18,2.7684
25-Oct-18,2.916
26-Oct-18,2.6147
29-Oct-18,2.5257
30-Oct-18,2.3128
31-Oct-18,2.4172
1-Nov-18,2.2197
2-Nov-18,2.2667
5-Nov-18,2.2757
6-Nov-18,2.4757
7-Nov-18,2.5766
8-Nov-18,2.7123
9-Nov-18,2.7418
12-Nov-18,2.7577
13-Nov-18,2.7874
14-Nov-18,2.5967
15-Nov-18,2.6631
16-Nov-18,2.2719
19-Nov-18,2.3238
20-Nov-18,2.3025
21-Nov-18,2.25
22-Nov-18,2.197
23-Nov-18,1.9979
26-Nov-18,2.2432
27-Nov-18,2.2206
28-Nov-18,2.1168
29-Nov-18,2.0326
30-Nov-18,2.0021
3-Dec-18,2.0272
4-Dec-18,2.2805
5-Dec-18,2.3014
6-Dec-18,2.1843
7-Dec-18,2.1834
10-Dec-18,2.3611
11-Dec-18,2.4198
12-Dec-18,2.2262
13-Dec-18,2.0982
14-Dec-18,2.0247
17-Dec-18,2.0862
18-Dec-18,2.1439
19-Dec-18,2.0398
20-Dec-18,1.8668
21-Dec-18,1.7404
24-Dec-18,1.731
25-Dec-18,1.7525
26-Dec-18,1.7351
27-Dec-18,1.6044
28-Dec-18,1.6639
31-Dec-18,1.6437
1-Jan-19,1.6548
2-Jan-19,1.6239
3-Jan-19,1.6666
4-Jan-19,1.5449
7-Jan-19,1.5724
8-Jan-19,1.5009
9-Jan-19,1.4724
10-Jan-19,1.5838
11-Jan-19,1.5595
14-Jan-19,1.5222
15-Jan-19,1.625
16-Jan-19,1.6488
17-Jan-19,1.562
18-Jan-19,1.3401
21-Jan-19,1.4025
22-Jan-19,1.3565
23-Jan-19,1.2974
24-Jan-19,1.5372
25-Jan-19,1.5679
28-Jan-19,1.5605
29-Jan-19,1.4995
30-Jan-19,1.5519
31-Jan-19,1.4203
1-Feb-19,1.1903
4-Feb-19,1.2115
5-Feb-19,1.3139
6-Feb-19,1.4906
7-Feb-19,1.5089
8-Feb-19,1.6073
11-Feb-19,1.56
12-Feb-19,1.4481
13-Feb-19,1.349
14-Feb-19,1.3232
15-Feb-19,1.2168
18-Feb-19,1.3738
19-Feb-19,1.2751
20-Feb-19,1.3781
21-Feb-19,1.438
22-Feb-19,1.4189
25-Feb-19,1.4883
26-Feb-19,1.5391
27-Feb-19,1.5436
28-Feb-19,1.5359
1-Mar-19,1.5635
4-Mar-19,1.5515
5-Mar-19,1.5893
6-Mar-19,1.7271
7-Mar-19,1.6971
8-Mar-19,1.6065
11-Mar-19,1.4584
12-Mar-19,1.4759
13-Mar-19,1.3833
14-Mar-19,1.4259
15-Mar-19,1.4185
18-Mar-19,1.4306
19-Mar-19,1.3801
20-Mar-19,1.3443
21-Mar-19,1.4129
22-Mar-19,1.8972
25-Mar-19,1.6791
26-Mar-19,1.7665
27-Mar-19,1.9181
28-Mar-19,1.5763
29-Mar-19,1.5719
1-Apr-19,1.4712
2-Apr-19,1.4997
3-Apr-19,1.5668
4-Apr-19,1.5045
5-Apr-19,1.5265
8-Apr-19,1.6079
9-Apr-19,1.6298
10-Apr-19,1.5013
11-Apr-19,1.5762
12-Apr-19,1.6357
15-Apr-19,1.4965
16-Apr-19,1.544
17-Apr-19,1.6133
18-Apr-19,1.5964
19-Apr-19,1.541
22-Apr-19,1.5565
23-Apr-19,1.3589
24-Apr-19,1.4536
25-Apr-19,1.4651
26-Apr-19,1.4354
29-Apr-19,1.4796
30-Apr-19,1.4803
1-May-19,1.4644
2-May-19,1.3998
3-May-19,1.2485
6-May-19,1.2749
7-May-19,1.2489
8-May-19,1.2403
9-May-19,1.2388
10-May-19,1.2653
13-May-19,1.3141
14-May-19,1.287
15-May-19,1.359
16-May-19,1.4713
17-May-19,1.6614
20-May-19,1.4793
21-May-19,1.4619
